title,authors,year,journal,doi,pmid,url,publication_type,screen_label,screen_confidence,full_text_decision,full_text_screening_status,full_text_priority_score,full_text_priority_band,retrieval_status,retrieval_note,study_design,species_model,intervention_name,ageing_domain_category,outcome_exact,mechanism,missingness_flag,full_text_screening_note
Baseline characteristics of the SINgapore GERiatric Intervention Study to Reduce Cognitive Decline and Physical Frailty (SINGER) multidomain dementia prevention randomized controlled trial and insights from the recruitment process.,"Yap KH, Chen C, Chong EJY, Kandiah N, Kivipelto M, Lai MKP, Maier AB, Matchar DB, Phua AKS, Teo CKL, Xu X, Zhou HJ, Chen CPL.",2026.0,Alzheimers Dement,10.1002/alz.71313,41943481.0,,research-article; randomized controlled trial; journal article,include,0.75,likely_eligible_pending_full_text,pending_full_text_verification,106,priority_1_human_direct_ageing,retrieved_open_metadata,PMC full text likely available,RCT_or_clinical_trial,human,lifestyle_bundle,healthspan_functional_ageing,frailty,unclear,requires_full_text_verification,Artifact generated from repository metadata/extraction only; final eligibility requires full-text review.
Reducing frailty in frail people with multiple sclerosis: Feasibility of a 6-week multimodal exercise training program.,"Zanotto T, Tabatabaei A, Lynch SG, He J, Lysaught M, Ahmadnezhad P, Ibude J, Devos H, Chaves LD, Troen BR, Sosnoff JJ.",2026.0,PLoS One,10.1371/journal.pone.0347063,41984883.0,,research-article; randomized controlled trial; journal article,include,0.75,likely_eligible_pending_full_text,pending_full_text_verification,106,priority_1_human_direct_ageing,retrieved_open_metadata,PMC full text likely available,RCT_or_clinical_trial,human,exercise,healthspan_functional_ageing,frailty,unclear,requires_full_text_verification,Artifact generated from repository metadata/extraction only; final eligibility requires full-text review.
Effect of gut microbiome modulation on muscle function and cognition: the PROMOTe randomised controlled trial.,Ni Lochlainn M; Bowyer RCE; Moll JM; García MP; Wadge S; Baleanu AF; Nessa A; Sheedy A,2024.0,Nature communications,,38424099.0,https://pubmed.ncbi.nlm.nih.gov/38424099/,Journal Article; Randomized Controlled Trial; Twin Study,include,0.75,likely_eligible_pending_full_text,pending_full_text_verification,103,priority_1_human_direct_ageing,link_available,Full text link or landing page available,RCT_or_clinical_trial,human,microbiome,healthspan_functional_ageing,cognition,microbiome_host,requires_full_text_verification,Artifact generated from repository metadata/extraction only; final eligibility requires full-text review.
Assessing the Clinical Effectiveness of an Exergame-Based Exercise Training Program Using Ring Fit Adventure to Prevent and Postpone Frailty and Sarcopenia Among Older Adults in Rural Long-Term Care Facilities: Randomized Controlled Trial.,Tuan SH; Chang LH; Sun SF; Li CH; Chen GB; Tsai YJ,2024.0,Journal of medical Internet research,,39024000.0,https://pubmed.ncbi.nlm.nih.gov/39024000/,Journal Article; Randomized Controlled Trial,include,0.75,likely_eligible_pending_full_text,pending_full_text_verification,103,priority_1_human_direct_ageing,link_available,Full text link or landing page available,RCT_or_clinical_trial,human,exercise,healthspan_functional_ageing,frailty,unclear,requires_full_text_verification,Artifact generated from repository metadata/extraction only; final eligibility requires full-text review.
Effects of Resistance Exercise Training on Cognitive Function and Physical Performance in Cognitive Frailty: A Randomized Controlled Trial,Yoon D.H.; Lee Jun-Young; Song Wook,2018.0,"The Journal of nutrition, health and aging",10.1007/s12603-018-1090-9,,https://doi.org/10.1007/s12603-018-1090-9,journal-article,include,0.75,likely_eligible_pending_full_text,pending_full_text_verification,103,priority_1_human_direct_ageing,link_available,Full text link or landing page available,RCT_or_clinical_trial,human,exercise,healthspan_functional_ageing,frailty,unclear,requires_full_text_verification,Artifact generated from repository metadata/extraction only; final eligibility requires full-text review.
Interaction between physical activity and deficit-based frailty on all-cause mortality in older adults: a prospective study of five population-based cohorts.,"Zhu Z, Zhou X, Chen M, Dou C, Liu D, Kong L, Ye C, Xu M, Xu Y, Li M, Zhao Z, Zheng J, Lu J, Chen Y, Wang W, Ning G, Bi Y, Wang T.",2026.0,Lancet Reg Health West Pac,10.1016/j.lanwpc.2025.101780,41503609.0,,research-article; journal article,include,0.75,likely_eligible_pending_full_text,pending_full_text_verification,100,priority_1_human_direct_ageing,retrieved_open_metadata,PMC full text likely available,cohort,human,exercise,hard_ageing_relevance,mortality; frailty,unclear,requires_full_text_verification,Artifact generated from repository metadata/extraction only; final eligibility requires full-text review.
Fasting-mimicking diet causes hepatic and blood markers changes indicating reduced biological age and disease risk.,Brandhorst S; Levine ME; Wei M; Shelehchi M; Morgan TE; Nayak KS; Dorff T; Hong K,2024.0,Nature communications,,38378685.0,https://pubmed.ncbi.nlm.nih.gov/38378685/,Randomized Controlled Trial; Journal Article,include,0.75,likely_eligible_pending_full_text,pending_full_text_verification,95,priority_1_human_direct_ageing,link_available,Full text link or landing page available,RCT_or_clinical_trial,human,fasting,biological_ageing_biomarker,biological age,unclear,requires_full_text_verification,Artifact generated from repository metadata/extraction only; final eligibility requires full-text review.
"Topical rapamycin reduces markers of senescence and aging in human skin: an exploratory, prospective, randomized trial.",Chung CL; Lawrence I; Hoffman M; Elgindi D; Nadhan K; Potnis M; Jin A; Sershon C,2019.0,GeroScience,,31761958.0,https://pubmed.ncbi.nlm.nih.gov/31761958/,Journal Article; Randomized Controlled Trial,include,0.75,likely_eligible_pending_full_text,pending_full_text_verification,95,priority_1_human_direct_ageing,link_available,Full text link or landing page available,RCT_or_clinical_trial,human,rapamycin_mtor,biological_ageing_biomarker,senescence,cellular_senescence; nutrient_sensing,requires_full_text_verification,Artifact generated from repository metadata/extraction only; final eligibility requires full-text review.
Influence of rapamycin on safety and healthspan metrics after one year: PEARL trial results.,Moel M; Harinath G; Lee V; Nyquist A; Morgan SL; Isman A; Zalzala S,2025.0,Aging,,40188830.0,https://pubmed.ncbi.nlm.nih.gov/40188830/,Journal Article; Randomized Controlled Trial,include,0.75,possibly_eligible_pending_full_text,pending_full_text_verification,85,priority_1_human_direct_ageing,link_available,Full text link or landing page available,RCT_or_clinical_trial,human,rapamycin_mtor,surrogate_or_indirect,healthspan,nutrient_sensing,requires_full_text_verification,Artifact generated from repository metadata/extraction only; final eligibility requires full-text review.
"A Periodic Diet that Mimics Fasting Promotes Multi-System Regeneration, Enhanced Cognitive Performance, and Healthspan.",Brandhorst S; Choi IY; Wei M; Cheng CW; Sedrakyan S; Navarrete G; Dubeau L; Yap LP,2015.0,Cell metabolism,,26094889.0,https://pubmed.ncbi.nlm.nih.gov/26094889/,"Journal Article; Randomized Controlled Trial; Research Support, N.I.H., Extramural; Research Support, Non-U.S. Gov't",include,0.75,possibly_eligible_pending_full_text,pending_full_text_verification,85,priority_1_human_direct_ageing,link_available,Full text link or landing page available,RCT_or_clinical_trial,human,fasting,surrogate_or_indirect,healthspan,unclear,requires_full_text_verification,Artifact generated from repository metadata/extraction only; final eligibility requires full-text review.
RESISTANCE TRAINING AND CO-SUPPLEMENTATION WITH CREATINE AND PROTEIN IN OLDER SUBJECTS WITH FRAILTY,COLLINS J.; LONGHURST G.; ROSCHEL H.; GUALANO B.,2016.0,Journal of Frailty &amp; Aging,10.14283/jfa.2016.85,,https://doi.org/10.14283/jfa.2016.85,journal-article,include,0.8,likely_eligible_pending_full_text,pending_full_text_verification,83,priority_1_human_direct_ageing,link_available,Full text link or landing page available,unclear_or_metadata_only,human,exercise,healthspan_functional_ageing,frailty,unclear,requires_full_text_verification,Artifact generated from repository metadata/extraction only; final eligibility requires full-text review.
"Caloric restriction and time-restricted eating in older adults with overweight or obesity: The Health, Aging, and Later-Life Outcomes Pilot Study.","Houston DK, Fanning J, Nicklas BJ, Delany JP, Hsu FC, Chen SH, Walkup M, Neiberg RH, Stowe CL, Kennedy K, Espeland MA, Ard JD, Miller ME, Rejeski WJ, Kritchevsky SB.",2026.0,J Gerontol A Biol Sci Med Sci,10.1093/gerona/glag061,41766355.0,,research-article; randomized controlled trial; journal article,uncertain,0.45,uncertain_pending_full_text,pending_full_text_verification,73,priority_2_human_or_direct_ageing,retrieved_open_metadata,PMC full text likely available,RCT_or_clinical_trial,human,caloric_restriction,surrogate_or_indirect,,unclear,requires_full_text_verification,Artifact generated from repository metadata/extraction only; final eligibility requires full-text review.
A Multidomain Lifestyle Intervention Is Associated With Improved Functional Trajectories and Favorable Changes in Epigenetic Aging Markers in Frail Older Adults: A Randomized Controlled Trial.,"Olaso-Gonzalez G, Millan-Domingo F, Garcia-Fernandez L, Garcia-Tercero E, Cebrian M, Garcia-Dominguez C, Carbonell JA, Casabo-Valles G, Garcia-Gimenez JL, Tamayo-Torres E, Gambini J, Tarazona-Santabalbina FJ, Vina J, Gomez-Cabrera MC.",2026.0,Aging Cell,10.1111/acel.70376,41677077.0,,research-article; randomized controlled trial; journal article,uncertain,0.45,uncertain_pending_full_text,pending_full_text_verification,73,priority_2_human_or_direct_ageing,retrieved_open_metadata,PMC full text likely available,RCT_or_clinical_trial,human,lifestyle_bundle,surrogate_or_indirect,,epigenetic_alterations,requires_full_text_verification,Artifact generated from repository metadata/extraction only; final eligibility requires full-text review.
A phase II randomized placebo-controlled study of fisetin to improve physical function in breast cancer survivors: the TROFFi study rationale and trial design.,"Ji J, Crespi CM, Yee L, Zekster YA, Al-Saleem A, Petersen L, Lee C, Son N, Smith C, Evans T, Tchkonia T, Kirkland JL, Kuchel GA, Cohen HJ, Sedrak MS.",2026.0,Ther Adv Med Oncol,10.1177/17588359261424668,41835341.0,,research-article; journal article,uncertain,0.45,uncertain_pending_full_text,pending_full_text_verification,73,priority_2_human_or_direct_ageing,retrieved_open_metadata,PMC full text likely available,RCT_or_clinical_trial,human,senolytics,surrogate_or_indirect,,unclear,requires_full_text_verification,Artifact generated from repository metadata/extraction only; final eligibility requires full-text review.
Viability of an educational program for lifestyle changes and an algorithm for the derivation of exercise programs in older people at risk of dependency at primary care: PRICA-POWFRAIL study protocol.,"Mihaiescu-Ion V, Ortega-Gómez S, Domínguez-Navarro A, Ayala-Martinez C, Llerena-Guerrero R, Pérez-Cabezas V, González-Medina G, Losa-Reyna J, Galan-Mercant A.",2026.0,BMC Geriatr,10.1186/s12877-025-06902-9,41663978.0,,clinical trial protocol; research-article; journal article,uncertain,0.45,uncertain_pending_full_text,pending_full_text_verification,73,priority_2_human_or_direct_ageing,retrieved_open_metadata,PMC full text likely available,RCT_or_clinical_trial,human,exercise,surrogate_or_indirect,,unclear,requires_full_text_verification,Artifact generated from repository metadata/extraction only; final eligibility requires full-text review.
Epigenetic and microbiome responses to greens supplementation in obese older adults: results from a randomized crossover-controlled trial.,"Robinson LA, Cavanah AM, Lennon S, Mattingly ML, Pol WV, Huggins KW, Greene MW, Roberts MD, Frugé AD.",2026.0,Front Nutr,10.3389/fnut.2026.1750030,41717034.0,,research-article; journal article,uncertain,0.45,uncertain_pending_full_text,pending_full_text_verification,73,priority_2_human_or_direct_ageing,retrieved_open_metadata,PMC full text likely available,RCT_or_clinical_trial,human,microbiome,surrogate_or_indirect,,epigenetic_alterations; microbiome_host,requires_full_text_verification,Artifact generated from repository metadata/extraction only; final eligibility requires full-text review.
"Test of Rapamycin in Aging Dogs (TRIAD): study design and rationale for a prospective, parallel-group, double-masked, randomized, placebo-controlled, multicenter trial of rapamycin in healthy middle-aged dogs from the Dog Aging Project.",Coleman AE; Creevy KE; Anderson R; Reed MJ; Fajt VR; Aicher KM; Atiee G; Barnett BG,2025.0,GeroScience,,39951177.0,https://pubmed.ncbi.nlm.nih.gov/39951177/,Clinical Trial Protocol; Journal Article,uncertain,0.45,uncertain_pending_full_text,pending_full_text_verification,70,priority_2_human_or_direct_ageing,link_available,Full text link or landing page available,RCT_or_clinical_trial,human,rapamycin_mtor,surrogate_or_indirect,,nutrient_sensing,requires_full_text_verification,Artifact generated from repository metadata/extraction only; final eligibility requires full-text review.
J012 NAD-HD: a randomized clinical trial of nicotinamide riboside in Huntington’s disease,Pihlstrøm Lasse; Frich Jan; Walsem Marleen van,2024.0,J: Clinical therapeutics,10.1136/jnnp-2024-ehdn.333,,https://doi.org/10.1136/jnnp-2024-ehdn.333,proceedings-article,uncertain,0.45,uncertain_pending_full_text,pending_full_text_verification,70,priority_2_human_or_direct_ageing,link_available,Full text link or landing page available,RCT_or_clinical_trial,human,nad_sirtuin,surrogate_or_indirect,,sirtuin_nad,requires_full_text_verification,Artifact generated from repository metadata/extraction only; final eligibility requires full-text review.
"Obesity and Metabolic Disease Impair the Anabolic Response to Protein Supplementation and Resistance Exercise: A Retrospective Analysis of a Randomized Clinical Trial with Implications for Aging, Sarcopenic Obesity, and Weight Management.",Nilsson MI; Xhuti D; de Maat NM; Hettinga BP; Tarnopolsky MA,2024.0,Nutrients,,39771028.0,https://pubmed.ncbi.nlm.nih.gov/39771028/,Journal Article; Randomized Controlled Trial,uncertain,0.45,uncertain_pending_full_text,pending_full_text_verification,70,priority_2_human_or_direct_ageing,link_available,Full text link or landing page available,RCT_or_clinical_trial,human,exercise,surrogate_or_indirect,,unclear,requires_full_text_verification,Artifact generated from repository metadata/extraction only; final eligibility requires full-text review.
Erratum. Effects of Dancing Associated With Resistance Training on Functional Parameters and Quality of Life of Aging Women: A Randomized Controlled Trial,Journal of Aging and Physical Activ,2023.0,Journal of Aging and Physical Activity,10.1123/japa.2023-0257,,https://doi.org/10.1123/japa.2023-0257,journal-article,uncertain,0.45,uncertain_pending_full_text,pending_full_text_verification,70,priority_2_human_or_direct_ageing,link_available,Full text link or landing page available,RCT_or_clinical_trial,human,exercise,surrogate_or_indirect,,unclear,requires_full_text_verification,Artifact generated from repository metadata/extraction only; final eligibility requires full-text review.
"The efficacy and safety of β-nicotinamide mononucleotide (NMN) supplementation in healthy middle-aged adults: a randomized, multicenter, double-blind, placebo-controlled, parallel-group, dose-dependent clinical trial.",Yi L; Maier AB; Tao R; Lin Z; Vaidya A; Pendse S; Thasma S; Andhalkar N,2023.0,GeroScience,,36482258.0,https://pubmed.ncbi.nlm.nih.gov/36482258/,"Randomized Controlled Trial; Multicenter Study; Journal Article; Research Support, Non-U.S. Gov't",uncertain,0.45,uncertain_pending_full_text,pending_full_text_verification,70,priority_2_human_or_direct_ageing,link_available,Full text link or landing page available,RCT_or_clinical_trial,human,nad_sirtuin,surrogate_or_indirect,,sirtuin_nad,requires_full_text_verification,Artifact generated from repository metadata/extraction only; final eligibility requires full-text review.
Effect of long-term caloric restriction on DNA methylation measures of biological aging in healthy adults from the CALERIE trial.,Waziry R; Ryan CP; Corcoran DL; Huffman KM; Kobor MS; Kothari M; Graf GH; Kraus VB,2023.0,Nature aging,,37118425.0,https://pubmed.ncbi.nlm.nih.gov/37118425/,"Randomized Controlled Trial; Journal Article; Research Support, N.I.H., Extramural; Research Support, Non-U.S. Gov't",uncertain,0.45,uncertain_pending_full_text,pending_full_text_verification,70,priority_2_human_or_direct_ageing,link_available,Full text link or landing page available,RCT_or_clinical_trial,human,caloric_restriction,surrogate_or_indirect,,epigenetic_alterations,requires_full_text_verification,Artifact generated from repository metadata/extraction only; final eligibility requires full-text review.
DNA methylation-based biomarkers of aging were slowed down in a two-year diet and physical activity intervention trial: the DAMA study.,Fiorito G; Caini S; Palli D; Bendinelli B; Saieva C; Ermini I; Valentini V; Assedi M,2021.0,Aging cell,,34535961.0,https://pubmed.ncbi.nlm.nih.gov/34535961/,"Journal Article; Randomized Controlled Trial; Research Support, Non-U.S. Gov't",uncertain,0.45,uncertain_pending_full_text,pending_full_text_verification,70,priority_2_human_or_direct_ageing,link_available,Full text link or landing page available,RCT_or_clinical_trial,human,exercise,surrogate_or_indirect,,epigenetic_alterations,requires_full_text_verification,Artifact generated from repository metadata/extraction only; final eligibility requires full-text review.
The Additive Effects of Creatine Supplementation and Exercise Training in an Aging Population: A Systematic Review of Randomized Controlled Trials.,Stares A; Bains M,2020.0,Journal of geriatric physical therapy (2001),,30762623.0,https://pubmed.ncbi.nlm.nih.gov/30762623/,Journal Article; Systematic Review,uncertain,0.45,uncertain_pending_full_text,pending_full_text_verification,70,priority_2_human_or_direct_ageing,link_available,Full text link or landing page available,RCT_or_clinical_trial,human,exercise,surrogate_or_indirect,,unclear,requires_full_text_verification,Artifact generated from repository metadata/extraction only; final eligibility requires full-text review.
Effect of a multicomponent exercise programme (VIVIFRAIL) on functional capacity in frail community elders with cognitive decline: study protocol for a randomized multicentre control trial.,Casas-Herrero A; Anton-Rodrigo I; Zambom-Ferraresi F; Sáez de Asteasu ML; Martinez-Velilla N; Elexpuru-Estomba J; Marin-Epelde I; Ramon-Espinoza F,2019.0,Trials,,31208471.0,https://pubmed.ncbi.nlm.nih.gov/31208471/,Clinical Trial Protocol; Journal Article,uncertain,0.45,uncertain_pending_full_text,pending_full_text_verification,70,priority_2_human_or_direct_ageing,link_available,Full text link or landing page available,RCT_or_clinical_trial,human,exercise,surrogate_or_indirect,,unclear,requires_full_text_verification,Artifact generated from repository metadata/extraction only; final eligibility requires full-text review.
Exercise interventions to improve physical frailty and physical frailty components in older adults with hypertension: A systematic review,Vlietstra L.; Fordyce A.M.; Costa E.C.; Coffey S.; Walker X.J.; Whalley G.A.; Waters D.L.,2025.0,Ageing Research Reviews,10.1016/j.arr.2025.102714,,https://doi.org/10.1016/j.arr.2025.102714,journal-article,uncertain,0.55,likely_eligible_pending_full_text,pending_full_text_verification,68,priority_2_human_or_direct_ageing,link_available,Full text link or landing page available,unclear_or_metadata_only,human,exercise,healthspan_functional_ageing,frailty,unclear,requires_full_text_verification,Artifact generated from repository metadata/extraction only; final eligibility requires full-text review.
"Preserving Mobility in Older Adults with Physical Frailty and Sarcopenia: Opportunities, Challenges, and Recommendations for Physical Activity Interventions.",Billot M; Calvani R; Urtamo A; Sánchez-Sánchez JL; Ciccolari-Micaldi C; Chang M; Roller-Wirnsberger R; Wirnsberger G,2020.0,Clinical interventions in aging,,32982201.0,https://pubmed.ncbi.nlm.nih.gov/32982201/,Journal Article; Review,uncertain,0.55,likely_eligible_pending_full_text,pending_full_text_verification,68,priority_2_human_or_direct_ageing,link_available,Full text link or landing page available,unclear_or_metadata_only,human,exercise,healthspan_functional_ageing,frailty,unclear,requires_full_text_verification,Artifact generated from repository metadata/extraction only; final eligibility requires full-text review.
Effects of Diactive-1-Supported Progressive Resistance Training on Body Composition in Youth With Type 1 Diabetes.,"Muñoz-Pardeza J, López-Gil JF, Hormazábal-Aguayo I, Izquierdo M, Agostinis-Sobrinho C, Ezzatvar Y, García-Hermoso A.",2026.0,J Cachexia Sarcopenia Muscle,10.1002/jcsm.70257,41854192.0,,randomized controlled trial; journal article,uncertain,0.45,uncertain_pending_full_text,pending_full_text_verification,65,priority_2_human_or_direct_ageing,abstract_or_metadata_only,No full text link captured,RCT_or_clinical_trial,human,exercise,surrogate_or_indirect,,unclear,requires_full_text_verification,Artifact generated from repository metadata/extraction only; final eligibility requires full-text review.
Diet quality and nutritional adequacy during a 2-year calorie restriction intervention: the Comprehensive Assessment of Long-Term Effects of Reducing Intake of Energy 2 trial.,"Racette SB, Silver RE, Barry VG, DeGraff JJ, Gunning JA, Kebbe M, Gilhooly CH, Das SK.",2026.0,Am J Clin Nutr,10.1016/j.ajcnut.2025.101182,41475553.0,,multicenter study; randomized controlled trial; journal article,uncertain,0.45,uncertain_pending_full_text,pending_full_text_verification,65,priority_2_human_or_direct_ageing,abstract_or_metadata_only,No full text link captured,RCT_or_clinical_trial,human,caloric_restriction,surrogate_or_indirect,,unclear,requires_full_text_verification,Artifact generated from repository metadata/extraction only; final eligibility requires full-text review.
Recommendations from the European interdisciplinary council on ageing on physical activity and diet for mental health conditions in older adults.,"Veronese N, Gianfredi V, Smith L, Al-Daghri N, Barratt J, Beaudart C, Bellelli G, Bruyère O, Diaz-Ponce AM, Demurtas J, Firth J, Frederiksen KS, Karpenko O, Limongi F, Petrovic M, Prokopidis K, Reginster JY, Rizzoli R, Ramalho R, Sabico S, Schuch FB, Schlögl M, Shenkin SD, Sieber C, Solmi M, Soysal P, Stubbs B, Yang L, Zanetti M, Maggi S.",2026.0,Aging Clin Exp Res,10.1007/s40520-025-03315-x,41636947.0,,review-article; review; journal article,uncertain,0.45,uncertain_pending_full_text,pending_full_text_verification,53,priority_3_contextual_or_preclinical,retrieved_open_metadata,PMC full text likely available,unclear_or_metadata_only,human,exercise,surrogate_or_indirect,,unclear,requires_full_text_verification,Artifact generated from repository metadata/extraction only; final eligibility requires full-text review.
Circadian rhythm disruption impairs ovarian follicular development via NAD&lt;sup&gt;+&lt;/sup&gt; metabolic reprogramming.,"Ying YY, Chen X, Yao SY, Chen RX, Ying Y, Qiu H, Xu QQ, Li ZY, Ye CQ, Qian YL, Liang HQ, Sun X, Zhang D.",2026.0,EBioMedicine,10.1016/j.ebiom.2026.106200,41797048.0,,research-article; journal article,uncertain,0.45,uncertain_pending_full_text,pending_full_text_verification,53,priority_3_contextual_or_preclinical,retrieved_open_metadata,PMC full text likely available,unclear_or_metadata_only,human,sleep_circadian,surrogate_or_indirect,,epigenetic_alterations; sirtuin_nad,requires_full_text_verification,Artifact generated from repository metadata/extraction only; final eligibility requires full-text review.
The NAD-brain pharmacokinetic study of NAD augmentation in blood and brain using oral precursor supplementation.,"Berven H, Svensen M, Eikeland H, Tvedten N, Sheard EV, Af Geijerstam SA, Søgnen M, McCann A, Arnsten L, Årseth O, Skjeie V, Hjellbrekke A, Skeie GO, Torres Cleuren YN, Nido GS, Haugarvoll K, Riemer F, Tzoulis C, Dölle C.",2026.0,iScience,10.1016/j.isci.2026.114764,41858901.0,,research-article; journal article,uncertain,0.45,uncertain_pending_full_text,pending_full_text_verification,53,priority_3_contextual_or_preclinical,retrieved_open_metadata,PMC full text likely available,unclear_or_metadata_only,human,nad_sirtuin,surrogate_or_indirect,,sirtuin_nad,requires_full_text_verification,Artifact generated from repository metadata/extraction only; final eligibility requires full-text review.
Rapamycin Exerts Its Geroprotective Effects in the Ageing Human Immune System by Enhancing Resilience Against DNA Damage.,"Kell L, Jones EJ, Gharahdaghi N, Wilkinson DJ, Smith K, Atherton PJ, Simon AK, Cox LS, Alsaleh G.",2026.0,Aging Cell,10.1111/acel.70364,41524558.0,,research-article; journal article,uncertain,0.45,uncertain_pending_full_text,pending_full_text_verification,53,priority_3_contextual_or_preclinical,retrieved_open_metadata,PMC full text likely available,unclear_or_metadata_only,human,rapamycin_mtor,surrogate_or_indirect,,nutrient_sensing,requires_full_text_verification,Artifact generated from repository metadata/extraction only; final eligibility requires full-text review.
Biohacking the human gut microbiome for precision health and therapeutic innovation.,"Bautista J, López-Cortés A.",2026.0,Front Microbiol,10.3389/fmicb.2026.1776983,41953448.0,,review-article; review; journal article,uncertain,0.45,uncertain_pending_full_text,pending_full_text_verification,53,priority_3_contextual_or_preclinical,retrieved_open_metadata,PMC full text likely available,unclear_or_metadata_only,human,microbiome,surrogate_or_indirect,,microbiome_host,requires_full_text_verification,Artifact generated from repository metadata/extraction only; final eligibility requires full-text review.
Research advances in exercise management for frail older adults.,"Liu C, Lu L, Wei W.",2026.0,Front Public Health,10.3389/fpubh.2026.1763583,41694501.0,,review-article; review; journal article,uncertain,0.45,uncertain_pending_full_text,pending_full_text_verification,53,priority_3_contextual_or_preclinical,retrieved_open_metadata,PMC full text likely available,unclear_or_metadata_only,human,exercise,surrogate_or_indirect,,unclear,requires_full_text_verification,Artifact generated from repository metadata/extraction only; final eligibility requires full-text review.
Editorial: Integrated strategies for lifelong health: multidimensional approaches to aging and lifestyle interventions.,"Shi M, Ge W.",2026.0,Front Public Health,10.3389/fpubh.2026.1777378,41635561.0,,editorial,uncertain,0.45,uncertain_pending_full_text,pending_full_text_verification,53,priority_3_contextual_or_preclinical,retrieved_open_metadata,PMC full text likely available,animal_experiment,human,lifestyle_bundle,surrogate_or_indirect,,unclear,requires_full_text_verification,Artifact generated from repository metadata/extraction only; final eligibility requires full-text review.
Effects of exercise training on frail older adults with heart failure: a systematic-review.,"Sáez-Nieto C, Pérez-Rodríguez P, Matovelle P, Rodríguez-Mañas L, Coelho-Júnior HJ, Rodríguez-Sánchez I.",2026.0,Front Aging,10.3389/fragi.2026.1800669,41969362.0,,review-article; review; journal article,uncertain,0.45,uncertain_pending_full_text,pending_full_text_verification,53,priority_3_contextual_or_preclinical,retrieved_open_metadata,PMC full text likely available,unclear_or_metadata_only,human,exercise,surrogate_or_indirect,,unclear,requires_full_text_verification,Artifact generated from repository metadata/extraction only; final eligibility requires full-text review.
"Diet, the Gut Microbiome, and Estrogen Physiology: A Review in Menopausal Health and Interventions.","Lim MJS, Parlindungan E, See E, Gan CH, Yap R, Yong GJM.",2026.0,Nutrients,10.3390/nu18071052,41978103.0,,review-article; review; journal article,uncertain,0.45,uncertain_pending_full_text,pending_full_text_verification,53,priority_3_contextual_or_preclinical,retrieved_open_metadata,PMC full text likely available,unclear_or_metadata_only,human,microbiome,surrogate_or_indirect,,microbiome_host,requires_full_text_verification,Artifact generated from repository metadata/extraction only; final eligibility requires full-text review.
Physical activity attenuates the association between allostatic load and early Alzheimer's disease‐related biomarkers in older adults,"Poisnel G, Lhérault M, Palix C, Turpin A, Felisatti F, Vrillon A, Paquet C, Chocat A, Coulbault L, De La Sayette V, Gonneaud J, Chételat G.",2026.0,Alzheimers Dement (N Y),,,,research-article; journal article,uncertain,0.45,uncertain_pending_full_text,pending_full_text_verification,53,priority_3_contextual_or_preclinical,retrieved_open_metadata,PMC full text likely available,unclear_or_metadata_only,human,exercise,surrogate_or_indirect,,unclear,requires_full_text_verification,Artifact generated from repository metadata/extraction only; final eligibility requires full-text review.
"Impacts of systemic milieu on cerebrovascular and brain aging: insights from heterochronic parabiosis, blood exchange, and plasma transfer experiments.","Gulej R, Patai R, Ungvari A, Kallai A, Tarantini S, Yabluchanskiy A, Huffman DM, Conboy MJ, Conboy IM, Kivimäki M, Csiszar A, Ungvari Z.",2025.0,Geroscience,10.1007/s11357-025-01657-y,40407975.0,,review-article; review; journal article,uncertain,0.45,uncertain_pending_full_text,pending_full_text_verification,53,priority_3_contextual_or_preclinical,retrieved_open_metadata,PMC full text likely available,unclear_or_metadata_only,human,controversial,surrogate_or_indirect,,unclear,requires_full_text_verification,Artifact generated from repository metadata/extraction only; final eligibility requires full-text review.
The impacts of different dietary restriction regimens on aging and longevity: from yeast to humans.,"Ching TT, Hsu AL.",2025.0,J Biomed Sci,10.1186/s12929-025-01188-w,41039401.0,,review-article; review; journal article,uncertain,0.45,uncertain_pending_full_text,pending_full_text_verification,53,priority_3_contextual_or_preclinical,retrieved_open_metadata,PMC full text likely available,unclear_or_metadata_only,human,caloric_restriction,surrogate_or_indirect,,unclear,requires_full_text_verification,Artifact generated from repository metadata/extraction only; final eligibility requires full-text review.
A Critical Assessment of Fasting to Promote Metabolic Health and Longevity.,"Fazeli PK, Steinhauser ML.",2025.0,Endocr Rev,10.1210/endrev/bnaf021,40700575.0,,review-article; review; journal article,uncertain,0.45,uncertain_pending_full_text,pending_full_text_verification,53,priority_3_contextual_or_preclinical,retrieved_open_metadata,PMC full text likely available,unclear_or_metadata_only,human,fasting,surrogate_or_indirect,,unclear,requires_full_text_verification,Artifact generated from repository metadata/extraction only; final eligibility requires full-text review.
What is the clinical evidence to support off-label rapamycin therapy in healthy adults?,"Hands JM, Lustgarten MS, Frame LA, Rosen B.",2025.0,Aging (Albany NY),10.18632/aging.206300,40778880.0,,research-article; review; journal article,uncertain,0.45,uncertain_pending_full_text,pending_full_text_verification,53,priority_3_contextual_or_preclinical,retrieved_open_metadata,PMC full text likely available,unclear_or_metadata_only,human,rapamycin_mtor,surrogate_or_indirect,,nutrient_sensing,requires_full_text_verification,Artifact generated from repository metadata/extraction only; final eligibility requires full-text review.
A Critical Assessment of Fasting to Promote Metabolic Health and Longevity.,Fazeli PK; Steinhauser ML,2025.0,Endocrine reviews,,40700575.0,,review-article; review; journal article,uncertain,0.45,uncertain_pending_full_text,pending_full_text_verification,53,priority_3_contextual_or_preclinical,retrieved_open_metadata,PMC full text likely available,unclear_or_metadata_only,human,fasting,surrogate_or_indirect,,unclear,requires_full_text_verification,Artifact generated from repository metadata/extraction only; final eligibility requires full-text review.
Evaluation of off-label rapamycin use to promote healthspan in 333 adults.,Kaeberlein TL; Green AS; Haddad G; Hudson J; Isman A; Nyquist A; Rosen BS; Suh Y,2023.0,GeroScience,,37191826.0,https://pubmed.ncbi.nlm.nih.gov/37191826/,"Journal Article; Research Support, Non-U.S. Gov't",uncertain,0.55,uncertain_pending_full_text,pending_full_text_verification,50,priority_3_contextual_or_preclinical,link_available,Full text link or landing page available,unclear_or_metadata_only,human,rapamycin_mtor,surrogate_or_indirect,healthspan,nutrient_sensing,requires_full_text_verification,Artifact generated from repository metadata/extraction only; final eligibility requires full-text review.
Metformin treatment of diverse Caenorhabditis species reveals the importance of genetic background in longevity and healthspan extension outcomes,,2022.0,Aging Cell,10.1111/acel.13093,,https://doi.org/10.1111/acel.13093,journal-article,uncertain,0.55,uncertain_pending_full_text,pending_full_text_verification,50,priority_3_contextual_or_preclinical,link_available,Full text link or landing page available,unclear_or_metadata_only,human,metformin,surrogate_or_indirect,healthspan,nutrient_sensing,requires_full_text_verification,Artifact generated from repository metadata/extraction only; final eligibility requires full-text review.
Telomerase activation: A potential key modulator for human healthspan and longevity,Boccardi Virginia; Paolisso Giuseppe,2014.0,Ageing Research Reviews,10.1016/j.arr.2013.12.006,,https://doi.org/10.1016/j.arr.2013.12.006,journal-article,uncertain,0.55,uncertain_pending_full_text,pending_full_text_verification,50,priority_3_contextual_or_preclinical,link_available,Full text link or landing page available,unclear_or_metadata_only,human,controversial,surrogate_or_indirect,healthspan,dna_repair_genomic,requires_full_text_verification,Artifact generated from repository metadata/extraction only; final eligibility requires full-text review.
High-speed resistance training vs. low-speed resistance training on body composition and physical function in adults with sarcopenic obesity,Hsu Kuo-Jen; Huang Sheng-Yun; Liao Yi-Hung; Chen Chiao-Nan,2026.0,European Review of Aging and Physical Activity,10.1186/s11556-026-00405-1,,https://doi.org/10.1186/s11556-026-00405-1,journal-article,uncertain,0.45,uncertain_pending_full_text,pending_full_text_verification,50,priority_3_contextual_or_preclinical,link_available,Full text link or landing page available,unclear_or_metadata_only,human,exercise,surrogate_or_indirect,,unclear,requires_full_text_verification,Artifact generated from repository metadata/extraction only; final eligibility requires full-text review.
"Environmental, infrastructural, and social drivers of physical activity in aging cities",Marzetti Emanuele; Calvani Riccardo; Coelho-Junior Hélio Jose,2025.0,The Journal of Frailty &amp; Aging,10.1016/j.tjfa.2025.100066,,https://doi.org/10.1016/j.tjfa.2025.100066,journal-article,uncertain,0.45,uncertain_pending_full_text,pending_full_text_verification,50,priority_3_contextual_or_preclinical,link_available,Full text link or landing page available,unclear_or_metadata_only,human,exercise,surrogate_or_indirect,,unclear,requires_full_text_verification,Artifact generated from repository metadata/extraction only; final eligibility requires full-text review.
Senolytic therapy combining Dasatinib and Quercetin restores the chondrogenic phenotype of human osteoarthritic chondrocytes by the release of pro‐anabolic mediators,Maurer Svenja; Kirsch Valeria; Ruths Leonie; Brenner Rolf E.; Riegger Jana,2025.0,Aging Cell,10.1111/acel.14361,,https://doi.org/10.1111/acel.14361,journal-article,uncertain,0.45,uncertain_pending_full_text,pending_full_text_verification,50,priority_3_contextual_or_preclinical,link_available,Full text link or landing page available,unclear_or_metadata_only,human,senolytics,surrogate_or_indirect,,cellular_senescence,requires_full_text_verification,Artifact generated from repository metadata/extraction only; final eligibility requires full-text review.
"Gut microbiome and bone health: update on mechanisms, clinical correlations, and possible treatment strategies.",Ticinesi A; Siniscalchi C; Meschi T; Nouvenne A,2025.0,Osteoporosis international : a journal established as result of cooperation between the European Foundation for Osteoporosis and the National Osteoporosis Foundation of the USA,,39643654.0,https://pubmed.ncbi.nlm.nih.gov/39643654/,Journal Article; Systematic Review,uncertain,0.45,uncertain_pending_full_text,pending_full_text_verification,50,priority_3_contextual_or_preclinical,link_available,Full text link or landing page available,animal_experiment,human,microbiome,surrogate_or_indirect,,microbiome_host,requires_full_text_verification,Artifact generated from repository metadata/extraction only; final eligibility requires full-text review.
Senolytic treatment for low back pain.,Mannarino M; Cherif H; Ghazizadeh S; Martinez OW; Sheng K; Cousineau E; Lee S; Millecamps M,2025.0,Science advances,,40085710.0,https://pubmed.ncbi.nlm.nih.gov/40085710/,Journal Article,uncertain,0.45,uncertain_pending_full_text,pending_full_text_verification,50,priority_3_contextual_or_preclinical,link_available,Full text link or landing page available,unclear_or_metadata_only,human,senolytics,surrogate_or_indirect,,cellular_senescence,requires_full_text_verification,Artifact generated from repository metadata/extraction only; final eligibility requires full-text review.
Cardiovascular Aging and Exercise: Implications for Heart Failure Prevention and Management.,Subramanian V; Tucker WJ; Peters AE; Upadhya B; Kitzman DW; Pandey A,2025.0,Circulation research,,40608862.0,https://pubmed.ncbi.nlm.nih.gov/40608862/,Journal Article; Review,uncertain,0.45,uncertain_pending_full_text,pending_full_text_verification,50,priority_3_contextual_or_preclinical,link_available,Full text link or landing page available,unclear_or_metadata_only,human,exercise,surrogate_or_indirect,,unclear,requires_full_text_verification,Artifact generated from repository metadata/extraction only; final eligibility requires full-text review.
Creatine monohydrate supplementation for older adults and clinical populations.,Candow DG; Ostojic SM; Chilibeck PD; Longobardi I; Gualano B; Tarnopolsky MA; Wallimann T; Moriarty T,2025.0,Journal of the International Society of Sports Nutrition,,40673730.0,https://pubmed.ncbi.nlm.nih.gov/40673730/,Journal Article; Review,uncertain,0.45,uncertain_pending_full_text,pending_full_text_verification,50,priority_3_contextual_or_preclinical,link_available,Full text link or landing page available,animal_experiment,human,supplements,surrogate_or_indirect,,unclear,requires_full_text_verification,Artifact generated from repository metadata/extraction only; final eligibility requires full-text review.
Towards personalized nicotinamide mononucleotide (NMN) supplementation: Nicotinamide adenine dinucleotide (NAD) concentration,Kuerec Ajla Hodzic; Wang Weilan; Yi Lin; Tao Rongsheng; Lin Zhigang; Vaidya Aditi; Pendse Sohal; Thasma Sornaraja,2024.0,Mechanisms of Ageing and Development,10.1016/j.mad.2024.111917,,https://doi.org/10.1016/j.mad.2024.111917,journal-article,uncertain,0.45,uncertain_pending_full_text,pending_full_text_verification,50,priority_3_contextual_or_preclinical,link_available,Full text link or landing page available,animal_experiment,human,nad_sirtuin,surrogate_or_indirect,,sirtuin_nad,requires_full_text_verification,Artifact generated from repository metadata/extraction only; final eligibility requires full-text review.
EFFICACY OF NICOTINAMIDE MONONUCLEOTIDE SUPPLEMENTATION (NMN) IN BLOOD NICOTINAMIDE ADENINE DINUCLEOTIDE (NAD) FOR ANTI-AGING IN ADULTS: A SYSTEMATIC REVIEW,Asrithari Dewi Made Yudha; Dananjaya I Made Dwi; Saraswati Dewi Permadi Anak Agung Sagung; Sigmahadewi Risma Nopara,2024.0,Journal of Advanced Research in Medical and Health Science (ISSN 2208-2425),10.61841/gyj2gr52,,https://doi.org/10.61841/gyj2gr52,journal-article,uncertain,0.45,uncertain_pending_full_text,pending_full_text_verification,50,priority_3_contextual_or_preclinical,link_available,Full text link or landing page available,unclear_or_metadata_only,human,nad_sirtuin,surrogate_or_indirect,,sirtuin_nad,requires_full_text_verification,Artifact generated from repository metadata/extraction only; final eligibility requires full-text review.
Dietary restriction in senolysis and prevention and treatment of disease.,Aminzadeh-Gohari S; Kofler B; Herzog C,2024.0,Critical reviews in food science and nutrition,,36484738.0,https://pubmed.ncbi.nlm.nih.gov/36484738/,Journal Article; Review,uncertain,0.45,uncertain_pending_full_text,pending_full_text_verification,50,priority_3_contextual_or_preclinical,link_available,Full text link or landing page available,unclear_or_metadata_only,human,caloric_restriction,surrogate_or_indirect,,unclear,requires_full_text_verification,Artifact generated from repository metadata/extraction only; final eligibility requires full-text review.
Targeting ageing with rapamycin and its derivatives in humans: a systematic review.,Lee DJW; Hodzic Kuerec A; Maier AB,2024.0,The lancet. Healthy longevity,,38310895.0,https://pubmed.ncbi.nlm.nih.gov/38310895/,"Systematic Review; Journal Article; Research Support, Non-U.S. Gov't",uncertain,0.45,uncertain_pending_full_text,pending_full_text_verification,50,priority_3_contextual_or_preclinical,link_available,Full text link or landing page available,unclear_or_metadata_only,human,rapamycin_mtor,surrogate_or_indirect,,nutrient_sensing,requires_full_text_verification,Artifact generated from repository metadata/extraction only; final eligibility requires full-text review.
Intermittent fasting and longevity: From animal models to implication for humans.,Strilbytska O; Klishch S; Storey KB; Koliada A; Lushchak O,2024.0,Ageing research reviews,,38499159.0,https://pubmed.ncbi.nlm.nih.gov/38499159/,Journal Article; Review,uncertain,0.45,uncertain_pending_full_text,pending_full_text_verification,50,priority_3_contextual_or_preclinical,link_available,Full text link or landing page available,unclear_or_metadata_only,human,fasting,surrogate_or_indirect,,unclear,requires_full_text_verification,Artifact generated from repository metadata/extraction only; final eligibility requires full-text review.
Physical Activity and Epigenetic Aging in Breast Cancer Treatment.,Moulton C; Grazioli E; Ibáñez-Cabellos JS; Murri A; Cerulli C; Silvestri M; Caporossi D; Pallardó FV,2024.0,International journal of molecular sciences,,39201283.0,https://pubmed.ncbi.nlm.nih.gov/39201283/,Journal Article,uncertain,0.45,uncertain_pending_full_text,pending_full_text_verification,50,priority_3_contextual_or_preclinical,link_available,Full text link or landing page available,unclear_or_metadata_only,human,exercise,surrogate_or_indirect,,epigenetic_alterations,requires_full_text_verification,Artifact generated from repository metadata/extraction only; final eligibility requires full-text review.
Ageing and Human Gut Microbiome: The Taxonomic and Functional Transition Towards an Elderly-Type Microbiome,Rampelli Simone; Turroni Silvia; Candela Marco,2023.0,Healthy Ageing and Longevity,10.1007/978-3-031-14023-5_2,,https://doi.org/10.1007/978-3-031-14023-5_2,book-chapter,uncertain,0.45,uncertain_pending_full_text,pending_full_text_verification,50,priority_3_contextual_or_preclinical,link_available,Full text link or landing page available,unclear_or_metadata_only,human,microbiome,surrogate_or_indirect,,microbiome_host,requires_full_text_verification,Artifact generated from repository metadata/extraction only; final eligibility requires full-text review.
Cross-senolytic effects of dasatinib and quercetin in humans,Tkemaladze Jaba,2023.0,GEORGIAN SCIENTISTS,10.52340/2023.05.03.15,,https://doi.org/10.52340/2023.05.03.15,journal-article,uncertain,0.45,uncertain_pending_full_text,pending_full_text_verification,50,priority_3_contextual_or_preclinical,link_available,Full text link or landing page available,unclear_or_metadata_only,human,senolytics,surrogate_or_indirect,,cellular_senescence,requires_full_text_verification,Artifact generated from repository metadata/extraction only; final eligibility requires full-text review.
Resistance Training and Frail Adults,Boone Tommy,2022.0,Exercise Medicine for the Frailty Syndrome,10.4324/9781003119920-12,,https://doi.org/10.4324/9781003119920-12,book-chapter,uncertain,0.45,uncertain_pending_full_text,pending_full_text_verification,50,priority_3_contextual_or_preclinical,link_available,Full text link or landing page available,unclear_or_metadata_only,human,exercise,surrogate_or_indirect,,unclear,requires_full_text_verification,Artifact generated from repository metadata/extraction only; final eligibility requires full-text review.
Dasatinib and Quercetin: Short-term Simultaneous Administration Yields Senolytic Effect in Humans,Jaba Tkemaladze,2022.0,Issues and Developments in Medicine and Medical Research Vol. 2,10.9734/bpi/idmmr/v2/15155d,,https://doi.org/10.9734/bpi/idmmr/v2/15155d,book-chapter,uncertain,0.45,uncertain_pending_full_text,pending_full_text_verification,50,priority_3_contextual_or_preclinical,link_available,Full text link or landing page available,animal_experiment,human,senolytics,surrogate_or_indirect,,cellular_senescence,requires_full_text_verification,Artifact generated from repository metadata/extraction only; final eligibility requires full-text review.
"A Review on Aging, Sarcopenia, Falls, and Resistance Training in Community-Dwelling Older Adults.",Rodrigues F; Domingos C; Monteiro D; Morouço P,2022.0,International journal of environmental research and public health,,35055695.0,https://pubmed.ncbi.nlm.nih.gov/35055695/,"Journal Article; Research Support, Non-U.S. Gov't; Review",uncertain,0.45,uncertain_pending_full_text,pending_full_text_verification,50,priority_3_contextual_or_preclinical,link_available,Full text link or landing page available,unclear_or_metadata_only,human,exercise,surrogate_or_indirect,,unclear,requires_full_text_verification,Artifact generated from repository metadata/extraction only; final eligibility requires full-text review.
[Physical Activity and Mental Health in the Elderly].,Hemmeter UM; Ngamsri T,2022.0,Praxis,,35291872.0,https://pubmed.ncbi.nlm.nih.gov/35291872/,Journal Article; Review,uncertain,0.45,uncertain_pending_full_text,pending_full_text_verification,50,priority_3_contextual_or_preclinical,link_available,Full text link or landing page available,unclear_or_metadata_only,human,exercise,surrogate_or_indirect,,unclear,requires_full_text_verification,Artifact generated from repository metadata/extraction only; final eligibility requires full-text review.
Benefits of Resistance Training in Older Adults.,Syed-Abdul MM,2021.0,Current aging science,,33176670.0,https://pubmed.ncbi.nlm.nih.gov/33176670/,Journal Article; Review,uncertain,0.45,uncertain_pending_full_text,pending_full_text_verification,50,priority_3_contextual_or_preclinical,link_available,Full text link or landing page available,unclear_or_metadata_only,human,exercise,surrogate_or_indirect,,unclear,requires_full_text_verification,Artifact generated from repository metadata/extraction only; final eligibility requires full-text review.
Current Evidence and Possible Future Applications of Creatine Supplementation for Older Adults.,Candow DG; Forbes SC; Kirk B; Duque G,2021.0,Nutrients,,33652673.0,https://pubmed.ncbi.nlm.nih.gov/33652673/,Journal Article; Review,uncertain,0.45,uncertain_pending_full_text,pending_full_text_verification,50,priority_3_contextual_or_preclinical,link_available,Full text link or landing page available,unclear_or_metadata_only,human,supplements,surrogate_or_indirect,,unclear,requires_full_text_verification,Artifact generated from repository metadata/extraction only; final eligibility requires full-text review.
[Physical exercise impact on variables related to emotional and functional well-being in older adults].,Belmonte Darraz S; González-Roldán AM; de María Arrebola J; Montoro-Aguilar CI,2021.0,Revista espanola de geriatria y gerontologia,,33775433.0,https://pubmed.ncbi.nlm.nih.gov/33775433/,Journal Article,uncertain,0.45,uncertain_pending_full_text,pending_full_text_verification,50,priority_3_contextual_or_preclinical,link_available,Full text link or landing page available,unclear_or_metadata_only,human,exercise,surrogate_or_indirect,,unclear,requires_full_text_verification,Artifact generated from repository metadata/extraction only; final eligibility requires full-text review.
International Exercise Recommendations in Older Adults (ICFSR): Expert Consensus Guidelines.,Izquierdo M; Merchant RA; Morley JE; Anker SD; Aprahamian I; Arai H; Aubertin-Leheudre M; Bernabei R,2021.0,"The journal of nutrition, health & aging",,34409961.0,https://pubmed.ncbi.nlm.nih.gov/34409961/,"Consensus Statement; Journal Article; Practice Guideline; Research Support, N.I.H., Extramural; Research Support, Non-U.S. Gov't",uncertain,0.45,uncertain_pending_full_text,pending_full_text_verification,50,priority_3_contextual_or_preclinical,link_available,Full text link or landing page available,unclear_or_metadata_only,human,exercise,surrogate_or_indirect,,unclear,requires_full_text_verification,Artifact generated from repository metadata/extraction only; final eligibility requires full-text review.
The Sustained Impact of a Medical School-Based Physical Activity Module on Interns' Perceived Competence in Advising Older Adults About Exercise,Jadczak Agathe Daria; Visvanathan R.,2020.0,The Journal of Frailty &amp; Aging,10.14283/jfa.2019.39,,https://doi.org/10.14283/jfa.2019.39,journal-article,uncertain,0.45,uncertain_pending_full_text,pending_full_text_verification,50,priority_3_contextual_or_preclinical,link_available,Full text link or landing page available,unclear_or_metadata_only,human,exercise,surrogate_or_indirect,,unclear,requires_full_text_verification,Artifact generated from repository metadata/extraction only; final eligibility requires full-text review.
"Multi-Component Exercise with High-Intensity, Free-Weight, Functional Resistance Training in Pre-Frail Females: A Quasi-Experimental, Pilot Study",Bray N.W.; Jones G.J.; Rush K.L.; Jones C.A.; Jakobi Jennifer M.,2020.0,The Journal of Frailty &amp; Aging,10.14283/jfa.2020.13,,https://doi.org/10.14283/jfa.2020.13,journal-article,uncertain,0.45,uncertain_pending_full_text,pending_full_text_verification,50,priority_3_contextual_or_preclinical,link_available,Full text link or landing page available,unclear_or_metadata_only,human,exercise,surrogate_or_indirect,,unclear,requires_full_text_verification,Artifact generated from repository metadata/extraction only; final eligibility requires full-text review.
Oral collagen supplementation for skin aging: A fad or the future?,Jhawar N; Wang JV; Saedi N,2020.0,Journal of cosmetic dermatology,,31411379.0,https://pubmed.ncbi.nlm.nih.gov/31411379/,Journal Article; Review,uncertain,0.45,uncertain_pending_full_text,pending_full_text_verification,50,priority_3_contextual_or_preclinical,link_available,Full text link or landing page available,unclear_or_metadata_only,human,supplements,surrogate_or_indirect,,unclear,requires_full_text_verification,Artifact generated from repository metadata/extraction only; final eligibility requires full-text review.
Physical exercise in the prevention and treatment of Alzheimer's disease.,De la Rosa A; Olaso-Gonzalez G; Arc-Chagnaud C; Millan F; Salvador-Pascual A; García-Lucerga C; Blasco-Lafarga C; Garcia-Dominguez E,2020.0,Journal of sport and health science,,32780691.0,https://pubmed.ncbi.nlm.nih.gov/32780691/,"Journal Article; Research Support, Non-U.S. Gov't; Review",uncertain,0.45,uncertain_pending_full_text,pending_full_text_verification,50,priority_3_contextual_or_preclinical,link_available,Full text link or landing page available,unclear_or_metadata_only,human,exercise,surrogate_or_indirect,,unclear,requires_full_text_verification,Artifact generated from repository metadata/extraction only; final eligibility requires full-text review.
Senolytic effect of dasatinib and quercetin on human beings,Tkemaladze Jaba,2019.0,Biomedical Research,10.4066/biomedicalresearch-c1-026,,https://doi.org/10.4066/biomedicalresearch-c1-026,journal-article,uncertain,0.45,uncertain_pending_full_text,pending_full_text_verification,50,priority_3_contextual_or_preclinical,link_available,Full text link or landing page available,unclear_or_metadata_only,human,senolytics,surrogate_or_indirect,,cellular_senescence,requires_full_text_verification,Artifact generated from repository metadata/extraction only; final eligibility requires full-text review.
Resistance Training for Older Adults: Position Statement From the National Strength and Conditioning Association.,Fragala MS; Cadore EL; Dorgo S; Izquierdo M; Kraemer WJ; Peterson MD; Ryan ED,2019.0,Journal of strength and conditioning research,,31343601.0,https://pubmed.ncbi.nlm.nih.gov/31343601/,Journal Article; Review; Consensus Statement,uncertain,0.45,uncertain_pending_full_text,pending_full_text_verification,50,priority_3_contextual_or_preclinical,link_available,Full text link or landing page available,unclear_or_metadata_only,human,exercise,surrogate_or_indirect,,unclear,requires_full_text_verification,Artifact generated from repository metadata/extraction only; final eligibility requires full-text review.
Educating Medical Students in Counselling Older Adults about Exercise: The Impact of a Physical Activity Module,Jadczak Agathe Daria; Tam K.L.; Visvanathan R.,2018.0,The Journal of Frailty &amp; Aging,10.14283/jfa.2017.44,,https://doi.org/10.14283/jfa.2017.44,journal-article,uncertain,0.45,uncertain_pending_full_text,pending_full_text_verification,50,priority_3_contextual_or_preclinical,link_available,Full text link or landing page available,unclear_or_metadata_only,human,exercise,surrogate_or_indirect,,unclear,requires_full_text_verification,Artifact generated from repository metadata/extraction only; final eligibility requires full-text review.
Impairment of an Endothelial NAD(+)-H(2)S Signaling Network Is a Reversible Cause of Vascular Aging.,Das A; Huang GX; Bonkowski MS; Longchamp A; Li C; Schultz MB; Kim LJ; Osborne B,2018.0,Cell,,29570999.0,https://pubmed.ncbi.nlm.nih.gov/29570999/,"Journal Article; Research Support, N.I.H., Extramural; Research Support, Non-U.S. Gov't",uncertain,0.45,uncertain_pending_full_text,pending_full_text_verification,50,priority_3_contextual_or_preclinical,link_available,Full text link or landing page available,unclear_or_metadata_only,human,nad_sirtuin,surrogate_or_indirect,,sirtuin_nad,requires_full_text_verification,Artifact generated from repository metadata/extraction only; final eligibility requires full-text review.
The Human Intestinal Microbiome in Health and Disease.,Lynch SV; Pedersen O,2016.0,The New England journal of medicine,,27974040.0,https://pubmed.ncbi.nlm.nih.gov/27974040/,Journal Article; Review,uncertain,0.45,uncertain_pending_full_text,pending_full_text_verification,50,priority_3_contextual_or_preclinical,link_available,Full text link or landing page available,unclear_or_metadata_only,human,microbiome,surrogate_or_indirect,,microbiome_host,requires_full_text_verification,Artifact generated from repository metadata/extraction only; final eligibility requires full-text review.
Effects of Prolonged Hypertrophic Resistance Training on Acute Endocrine Responses in Young and Older Men,Walker Simon; Santolamazza Fabrizio; Kraemer William; Häkkinen Keijo,2015.0,Journal of Aging and Physical Activity,10.1123/japa.23.2.230,,https://doi.org/10.1123/japa.23.2.230,journal-article,uncertain,0.45,uncertain_pending_full_text,pending_full_text_verification,50,priority_3_contextual_or_preclinical,link_available,Full text link or landing page available,unclear_or_metadata_only,human,exercise,surrogate_or_indirect,,unclear,requires_full_text_verification,Artifact generated from repository metadata/extraction only; final eligibility requires full-text review.
"ASSOCIATION BETWEEN BERG BALANCE, PHYSIOLOGICAL PROFILE ASSESSMENT AND PHYSICAL ACTIVITY, PHYSICAL FUNCTION AND BODY COMPOSITION: A CROSS-SECTIONAL STUDY",SMEE D.J.; BERRY H.L.; WADDINGTON G.; ANSON J.,2015.0,The Journal of Frailty &amp; Aging,10.14283/jfa.2015.57,,https://doi.org/10.14283/jfa.2015.57,journal-article,uncertain,0.45,uncertain_pending_full_text,pending_full_text_verification,50,priority_3_contextual_or_preclinical,link_available,Full text link or landing page available,cross-sectional,human,exercise,surrogate_or_indirect,,unclear,requires_full_text_verification,Artifact generated from repository metadata/extraction only; final eligibility requires full-text review.
Resveratrol Up-Regulates the Erythrocyte Plasma Membrane Redox System and Mitigates Oxidation-Induced Alterations in Erythrocytes During Aging in Humans,Pandey Kanti Bhooshan; Rizvi Syed Ibrahim,2013.0,Rejuvenation Research,10.1089/rej.2013.1419,,https://doi.org/10.1089/rej.2013.1419,journal-article,uncertain,0.45,uncertain_pending_full_text,pending_full_text_verification,50,priority_3_contextual_or_preclinical,link_available,Full text link or landing page available,animal_experiment,human,supplements,surrogate_or_indirect,,unclear,requires_full_text_verification,Artifact generated from repository metadata/extraction only; final eligibility requires full-text review.
Crystal structure of human nicotinamide riboside kinase (NRK1) in complex with nicotinamide mononucleotide (NMN),Khan J.A.; Xiang S.; Tong L.,2007.0,Worldwide Protein Data Bank,10.2210/pdb2qg6/pdb,,https://doi.org/10.2210/pdb2qg6/pdb,dataset,uncertain,0.45,uncertain_pending_full_text,pending_full_text_verification,50,priority_3_contextual_or_preclinical,link_available,Full text link or landing page available,unclear_or_metadata_only,human,nad_sirtuin,surrogate_or_indirect,,sirtuin_nad,requires_full_text_verification,Artifact generated from repository metadata/extraction only; final eligibility requires full-text review.
Exercise Training for Older Adults with Limitations in Physical Function,Peel Claire; Utsey Carolyn; MacGregor Jan,1999.0,Journal of Aging and Physical Activity,10.1123/japa.7.1.62,,https://doi.org/10.1123/japa.7.1.62,journal-article,uncertain,0.45,uncertain_pending_full_text,pending_full_text_verification,50,priority_3_contextual_or_preclinical,link_available,Full text link or landing page available,unclear_or_metadata_only,human,exercise,surrogate_or_indirect,,unclear,requires_full_text_verification,Artifact generated from repository metadata/extraction only; final eligibility requires full-text review.
"Impact of probiotic supplementation in lactating sows on immune and oxidative stress biomarkers, short-chain fatty acids, piglet performance, and fecal microbiome",; Srisang Chutikan,,,10.58837/chula.the.2023.1067,,https://doi.org/10.58837/chula.the.2023.1067,dissertation,uncertain,0.45,uncertain_pending_full_text,pending_full_text_verification,50,priority_3_contextual_or_preclinical,link_available,Full text link or landing page available,unclear_or_metadata_only,human,microbiome,surrogate_or_indirect,,microbiome_host,requires_full_text_verification,Artifact generated from repository metadata/extraction only; final eligibility requires full-text review.
Figure 2—figure supplement 4. Age-related changes in DNA methylation of the ten WLMT clock sites with highest positive weights.,,,,10.7554/elife.40675.012,,https://doi.org/10.7554/elife.40675.012,component,uncertain,0.45,uncertain_pending_full_text,pending_full_text_verification,50,priority_3_contextual_or_preclinical,link_available,Full text link or landing page available,unclear_or_metadata_only,human,supplements,surrogate_or_indirect,,epigenetic_alterations,requires_full_text_verification,Artifact generated from repository metadata/extraction only; final eligibility requires full-text review.
Figure 2—figure supplement 5. Age-related changes in DNA methylation for the ten WLMT clock sites with lowest negative weights.,,,,10.7554/elife.40675.013,,https://doi.org/10.7554/elife.40675.013,component,uncertain,0.45,uncertain_pending_full_text,pending_full_text_verification,50,priority_3_contextual_or_preclinical,link_available,Full text link or landing page available,unclear_or_metadata_only,human,supplements,surrogate_or_indirect,,epigenetic_alterations,requires_full_text_verification,Artifact generated from repository metadata/extraction only; final eligibility requires full-text review.
"Longitudinal Bidirectional Associations between Physical Activity and Cognitive Ability in Older Adults across the United Kingdom, United States, and China.","Zhang X, Zhao J, Zhao B, Li X.",2026.0,Med Sci Sports Exerc,10.1249/mss.0000000000003911,41392396.0,,journal article,uncertain,0.45,uncertain_pending_full_text,pending_full_text_verification,45,priority_3_contextual_or_preclinical,abstract_or_metadata_only,No full text link captured,unclear_or_metadata_only,human,exercise,surrogate_or_indirect,,unclear,requires_full_text_verification,Artifact generated from repository metadata/extraction only; final eligibility requires full-text review.
Towards personalized nicotinamide mononucleotide (NMN) supplementation: nicotinamide adenine dinucleotide (NAD) concentration,Kuerec Ajla Hodzic; Wang Weilan; Yi Lin; Tao Rongsheng; Lin Zhigang; Vaidya Aditi; Pendse Sohal; Thasma Sornaraja,,,10.1101/2024.02.19.24303025,,https://doi.org/10.1101/2024.02.19.24303025,posted-content,uncertain,0.45,uncertain_pending_full_text,pending_full_text_verification,40,priority_3_contextual_or_preclinical,link_available,Full text link or landing page available,animal_experiment,human,nad_sirtuin,surrogate_or_indirect,,sirtuin_nad,requires_full_text_verification,Artifact generated from repository metadata/extraction only; final eligibility requires full-text review.
Senolytic therapy combining Dasatinib and Quercetin restores the chondrogenic phenotype of human osteoarthritic chondrocytes by promoting the release of pro-anabolic mediators,Maurer Svenja; Kirsch Valeria; Ruths Leonie; Brenner Rolf E.; Riegger Jana,,,10.1101/2024.04.04.588076,,https://doi.org/10.1101/2024.04.04.588076,posted-content,uncertain,0.45,uncertain_pending_full_text,pending_full_text_verification,40,priority_3_contextual_or_preclinical,link_available,Full text link or landing page available,unclear_or_metadata_only,human,senolytics,surrogate_or_indirect,,cellular_senescence,requires_full_text_verification,Artifact generated from repository metadata/extraction only; final eligibility requires full-text review.
