intervention,mechanism,directness,species_model,title
microbiome,microbiome_host,inferred_from_title_abstract,unclear,Fecal Microbiota Transplantation for Microbiome Modulation: A Clinical View
controversial,unclear,inferred_from_title_abstract,cellular,"Parabiosis, Assembloids, Organoids (PAO)."
senolytics,cellular_senescence,inferred_from_title_abstract,unclear,"A head‐to‐head comparison between senolytic therapies, dasatinib plus quercetin and fisetin, indicates sex‐ and genotype‐specific differences in translationally relevant outcomes"
lifestyle_bundle,unclear,inferred_from_title_abstract,human,Baseline characteristics of the SINgapore GERiatric Intervention Study to Reduce Cognitive Decline and Physical Frailty (SINGER) multidomain dementia prevention randomized controlled trial and insights from the recruitment process.
nad_sirtuin,sirtuin_nad,inferred_from_title_abstract,unclear,"An Updated Review on the Mechanisms, Pre‐Clinical and Clinical Comparisons of Nicotinamide Mononucleotide (NMN) and Nicotinamide Riboside (NR)"
exercise,unclear,inferred_from_title_abstract,human,Effects of Diactive-1-Supported Progressive Resistance Training on Body Composition in Youth With Type 1 Diabetes.
microbiome,microbiome_host,inferred_from_title_abstract,unclear,"Decision letter for ""Survey on fecal microbiota transplantation and probiotic use in equine practice in France and Belgium"""
microbiome,microbiome_host,inferred_from_title_abstract,unclear,"Review for ""Survey on fecal microbiota transplantation and probiotic use in equine practice in France and Belgium"""
microbiome,microbiome_host,inferred_from_title_abstract,unclear,"Review for ""Survey on fecal microbiota transplantation and probiotic use in equine practice in France and Belgium"""
microbiome,microbiome_host,inferred_from_title_abstract,unclear,"Decision letter for ""Survey on fecal microbiota transplantation and probiotic use in equine practice in France and Belgium"""
microbiome,microbiome_host,inferred_from_title_abstract,unclear,"Review for ""Survey on fecal microbiota transplantation and probiotic use in equine practice in France and Belgium"""
sleep_circadian,unclear,inferred_from_title_abstract,unclear,Diet and Circadian Rhythms: Implications for Aging and Longevity
caloric_restriction,unclear,inferred_from_title_abstract,unclear,Fasting and Caloric Restriction for Healthy Aging and Longevity
microbiome,microbiome_host,inferred_from_title_abstract,unclear,Microbiome and Probiotics for Ischemic Stroke
microbiome,microbiome_host,inferred_from_title_abstract,human,Ageing and Human Gut Microbiome: The Taxonomic and Functional Transition Towards an Elderly-Type Microbiome
microbiome,cellular_senescence,inferred_from_title_abstract,unclear,Ageing of the Gut Microbiome and Its Potential Contribution Towards Immunesenescence and Inflammaging
microbiome,inflammaging,inferred_from_title_abstract,unclear,Ageing of the Gut Microbiome and Its Potential Contribution Towards Immunesenescence and Inflammaging
microbiome,microbiome_host,inferred_from_title_abstract,unclear,Ageing of the Gut Microbiome and Its Potential Contribution Towards Immunesenescence and Inflammaging
microbiome,microbiome_host,inferred_from_title_abstract,unclear,Gut Microbiome and Virome: Anti-Aging Interventions
sleep_circadian,unclear,inferred_from_title_abstract,unclear,Sleep and Clocks in Aging and Longevity
sleep_circadian,unclear,inferred_from_title_abstract,unclear,Circadian Rhythms and Time-Restricted Eating in Healthy Aging and Longevity
sleep_circadian,unclear,inferred_from_title_abstract,unclear,Optimum Sleep for Healthy Ageing
sleep_circadian,unclear,inferred_from_title_abstract,unclear,"Sleep, Ageing, and Cognitive Decline"
microbiome,microbiome_host,inferred_from_title_abstract,unclear,Fecal Transplant: The Benefits and Harms of Fecal Microbiota Transplantation
caloric_restriction,unclear,inferred_from_title_abstract,unclear,Caloric Restriction and Biomarkers of Aging
sleep_circadian,nutrient_sensing,inferred_from_title_abstract,unclear,Circadian Clocks and mTOR Signaling
stem_cell,stem_cell_effects,inferred_from_title_abstract,cellular,Stem Cell Aging: An Overview
stem_cell,stem_cell_effects,inferred_from_title_abstract,cellular,Aging of Muscle Stem Cells
stem_cell,stem_cell_effects,inferred_from_title_abstract,cellular,Aging of Human Mesenchymal Stem Cells
stem_cell,stem_cell_effects,inferred_from_title_abstract,cellular,Aging of the Hematopoietic Stem Cell Niches
stem_cell,stem_cell_effects,inferred_from_title_abstract,cellular,Hematopoietic Stem Cell Aging and Leukemogenesis
stem_cell,stem_cell_effects,inferred_from_title_abstract,cellular,Closing the Circle: Stem Cell Rejuvenation and Longevity
stem_cell,stem_cell_effects,inferred_from_title_abstract,animal,Aging of Intestinal Stem Cells in Drosophila Melanogaster
stem_cell,stem_cell_effects,inferred_from_title_abstract,animal,Aging of Murine Hematopoietic Stem Cells
stem_cell,stem_cell_effects,inferred_from_title_abstract,cellular,Aging of Human Haematopoietic Stem Cells
stem_cell,stem_cell_effects,inferred_from_title_abstract,cellular,Aging of Mammalian Intestinal Stem Cells
caloric_restriction,unclear,inferred_from_title_abstract,unclear,"History of Caloric Restriction, Aging and Longevity"
caloric_restriction,unclear,inferred_from_title_abstract,unclear,"Caloric Restriction, Fasting, and Antiaging Medicine: Fasting, the Biological Signals of Starvation, and Antiaging"
caloric_restriction,unclear,inferred_from_title_abstract,unclear,Caloric Restriction and Starvation in Antiaging Medicine: Caloric Restriction Mimetics
exercise,unclear,inferred_from_title_abstract,unclear,Physical Activity and Anti-Aging: Prevention of Sarcopenia and Frailty Through Exercise
microbiome,microbiome_host,inferred_from_title_abstract,unclear,Gut Microbiome and Brain Ageing
microbiome,microbiome_host,inferred_from_title_abstract,unclear,Gut Microbiome and Brain Aging
exercise,unclear,inferred_from_title_abstract,unclear,What is the role played by physical activity and exercise in the frailty syndrome? Perspectives for future research
microbiome,microbiome_host,inferred_from_title_abstract,unclear,Probiotic and microbial modulation of polyamine production: an emerging avenue for neuroprotection in neurodegenerative disorders.
controversial,unclear,inferred_from_title_abstract,animal,Rejuvenation of cerebromicrovascular function in aged mice through heterochronic parabiosis: insights into neurovascular coupling and the impact of young blood factors.
controversial,unclear,inferred_from_title_abstract,animal,Young blood-mediated cerebromicrovascular rejuvenation through heterochronic parabiosis: enhancing blood-brain barrier integrity and capillarization in the aged mouse brain.
controversial,unclear,inferred_from_title_abstract,human,"Impacts of systemic milieu on cerebrovascular and brain aging: insights from heterochronic parabiosis, blood exchange, and plasma transfer experiments."
caloric_restriction,unclear,inferred_from_title_abstract,animal,Glucagon receptor signaling is indispensable for the healthspan effects of caloric restriction in aging male mice.
exercise,unclear,inferred_from_title_abstract,unclear,Safety of resistance training in the elderly
exercise,unclear,inferred_from_title_abstract,human,Effects of Resistance Exercise Training on Cognitive Function and Physical Performance in Cognitive Frailty: A Randomized Controlled Trial
nad_sirtuin,sirtuin_nad,inferred_from_title_abstract,unclear,NAD+ Precursors Nicotinamide Mononucleotide (NMN) and Nicotinamide Riboside (NR): Potential Dietary Contribution to Health
exercise,unclear,inferred_from_title_abstract,human,Recommendations from the European interdisciplinary council on ageing on physical activity and diet for mental health conditions in older adults.
rapamycin_mtor,nutrient_sensing,inferred_from_title_abstract,unclear,Rapamycin (Sirolimus)
controversial,unclear,inferred_from_title_abstract,cellular,Change of the hepatic cells in parabiosis between old and young rats
controversial,mitochondrial_function,inferred_from_title_abstract,cellular,Changes in hepatic cell mitochondria during parabiosis between old and young rats
exercise,unclear,inferred_from_title_abstract,animal,"Changes with aging, sex and physical exercise in murine natural killer activity and antibody-dependent cellular cytotoxicity"
exercise,unclear,inferred_from_title_abstract,unclear,Influence of physical exercise on aging rats: I. Life-long exercise preserves patterns of spontaneous activity
exercise,unclear,inferred_from_title_abstract,unclear,Influence of physical exercise on aging rats: II. Life-long exercise delays aging of tail tendon collagen
rapamycin_mtor,nutrient_sensing,inferred_from_title_abstract,unclear,"Mammalian Target of Rapamycin (mTOR), Aging, Neuroscience, and Their Association with Aging-Related Diseases"
microbiome,microbiome_host,inferred_from_title_abstract,unclear,Fecal Microbiota and Probiotic Yogurt Intake
nad_sirtuin,sirtuin_nad,inferred_from_title_abstract,unclear,NAD+: a crucial regulator of sirtuin activity in aging
microbiome,microbiome_host,inferred_from_title_abstract,unclear,Fecal Microbiome Transplantation: An Offhand Recipe for Microbiome Therapeutics
senolytics,cellular_senescence,inferred_from_title_abstract,unclear,"Senomorphic, senolytic, and rejuvenation therapies"
exercise,unclear,inferred_from_title_abstract,unclear,Physical activity and health in an ageing workforce
caloric_restriction,unclear,inferred_from_title_abstract,unclear,Mechanisms of the anti-aging action of caloric restriction
caloric_restriction,unclear,inferred_from_title_abstract,unclear,Evolution of the anti-aging action of caloric restriction
senolytics,cellular_senescence,inferred_from_title_abstract,unclear,Senolytic and senomorphic interventions to defy senescence-associated mitochondrial dysfunction
senolytics,mitochondrial_function,inferred_from_title_abstract,unclear,Senolytic and senomorphic interventions to defy senescence-associated mitochondrial dysfunction
caloric_restriction,unclear,inferred_from_title_abstract,human,Diet quality and nutritional adequacy during a 2-year calorie restriction intervention: the Comprehensive Assessment of Long-Term Effects of Reducing Intake of Energy 2 trial.
senolytics,cellular_senescence,inferred_from_title_abstract,cellular,Unraveling the meta-hallmarks between senescent and tumor cells: A new perspective for senolytic drug discovery.
caloric_restriction,unclear,inferred_from_title_abstract,unclear,Caloric restriction and intermittent fasting: Two potential diets for successful brain aging
controversial,dna_repair_genomic,inferred_from_title_abstract,human,Telomerase activation: A potential key modulator for human healthspan and longevity
caloric_restriction,unclear,inferred_from_title_abstract,unclear,Dietary restriction and lifespan: Lessons from invertebrate models
rapamycin_mtor,nutrient_sensing,inferred_from_title_abstract,unclear,The Role of Rapamycin in Healthspan Extension via the Delay of Organ Aging
exercise,unclear,inferred_from_title_abstract,human,Exercise interventions to improve physical frailty and physical frailty components in older adults with hypertension: A systematic review
nad_sirtuin,sirtuin_nad,inferred_from_title_abstract,unclear,Comparison of anti-aging effect of PQQ (Pyrroloquinoline quinone) and NMN/NR (Nicotinamide mononucleotide /Nicotinamide riboside) – possible combination use
reprogramming,epigenetic_alterations,inferred_from_title_abstract,unclear,The epigenetic rejuvenation promise: Partial reprogramming as a therapeutic strategy for aging and disease.
senolytics,cellular_senescence,inferred_from_title_abstract,animal,Senolytic cocktail dasatinib+quercetin (D+Q) ameliorate irradiation-induced bone loss in mice through inhibiting osteocyte senescence and SASP
reprogramming,epigenetic_alterations,inferred_from_title_abstract,unclear,"Aging, Rejuvenation, and Epigenetic Reprogramming: Resetting the Aging Clock"
reprogramming,epigenetic_alterations,inferred_from_title_abstract,unclear,Prevalent mesenchymal drift in aging and disease is reversed by partial reprogramming.
sleep_circadian,epigenetic_alterations,inferred_from_title_abstract,human,Circadian rhythm disruption impairs ovarian follicular development via NAD&lt;sup&gt;+&lt;/sup&gt; metabolic reprogramming.
sleep_circadian,sirtuin_nad,inferred_from_title_abstract,human,Circadian rhythm disruption impairs ovarian follicular development via NAD&lt;sup&gt;+&lt;/sup&gt; metabolic reprogramming.
caloric_restriction,unclear,inferred_from_title_abstract,unclear,Fasting or caloric restriction for Healthy Aging
microbiome,microbiome_host,inferred_from_title_abstract,unclear,Fecal microbiota transplantation for antibiotic resistant bacteria decolonization
senolytics,cellular_senescence,inferred_from_title_abstract,unclear,Senolytic Cocktail Dasatinib Plus Quercetin Enhances the Antitumor Effect of Senescence-Inducing Radiotherapy in a Preclinical Model of Melanoma
nad_sirtuin,sirtuin_nad,inferred_from_title_abstract,human,The NAD-brain pharmacokinetic study of NAD augmentation in blood and brain using oral precursor supplementation.
microbiome,microbiome_host,inferred_from_title_abstract,unclear,Probiotic potential of Parabacteroides johnsonii in mitigating age-related ovarian functional decline.
exercise,unclear,inferred_from_title_abstract,human,Interaction between physical activity and deficit-based frailty on all-cause mortality in older adults: a prospective study of five population-based cohorts.
stem_cell,stem_cell_effects,inferred_from_title_abstract,cellular,Muscle stem cell aging: identifying ways to induce tissue rejuvenation
stem_cell,mitochondrial_function,inferred_from_title_abstract,cellular,The mitochondrial metabolic checkpoint in stem cell aging and rejuvenation
stem_cell,stem_cell_effects,inferred_from_title_abstract,cellular,The mitochondrial metabolic checkpoint in stem cell aging and rejuvenation
nad_sirtuin,sirtuin_nad,inferred_from_title_abstract,human,Towards personalized nicotinamide mononucleotide (NMN) supplementation: Nicotinamide adenine dinucleotide (NAD) concentration
metformin,nutrient_sensing,inferred_from_title_abstract,unclear,Metformin-induced longevity is associated with retrotransposon dynamics in yeast chronological aging
senolytics,cellular_senescence,inferred_from_title_abstract,unclear,Senolytic combination of dasatinib and quercetin attenuates renal damage in diabetic kidney disease
stem_cell,stem_cell_effects,inferred_from_title_abstract,unclear,Research of <i>in vivo</i> reprogramming toward clinical applications in regenerative medicine: A concise review.
stem_cell,epigenetic_alterations,inferred_from_title_abstract,unclear,Research of <i>in vivo</i> reprogramming toward clinical applications in regenerative medicine: A concise review.
stem_cell,stem_cell_effects,inferred_from_title_abstract,cellular,Two decades of induced pluripotent stem cell research: From discovery to diverse applications.
exercise,unclear,inferred_from_title_abstract,human,"Environmental, infrastructural, and social drivers of physical activity in aging cities"
exercise,mitochondrial_function,inferred_from_title_abstract,unclear,Impacts of sarcopenia and resistance exercise training on mitochondrial quality control proteins
stem_cell,stem_cell_effects,inferred_from_title_abstract,cellular,From wrinkles to malignancy: small-molecule-mediated stem cell approaches in skin aging.
microbiome,microbiome_host,inferred_from_title_abstract,unclear,Mo1818 Effect of Aging on the Fecal Microbiome in Healthy Donors for Fecal Microbiota Transplant
caloric_restriction,unclear,inferred_from_title_abstract,unclear,"Proteolysis, caloric restriction and aging"
caloric_restriction,unclear,inferred_from_title_abstract,unclear,Caloric restriction and lifespan: a role for protein turnover?
caloric_restriction,unclear,inferred_from_title_abstract,cellular,Cellular and molecular mechanisms whereby dietary restriction extends healthspan: a beneficial type of stress
caloric_restriction,unclear,inferred_from_title_abstract,unclear,"Endogenous oxidative stress: relationship to aging, longevity and caloric restriction"
nad_sirtuin,sirtuin_nad,inferred_from_title_abstract,unclear,Selective Assembly between Cu2+ and Nicotinamide Mononucleotide (NMN)
senolytics,cellular_senescence,inferred_from_title_abstract,unclear,Design and Synthesis of Senescence-Targeted Prodrugs with Senomorphic and Senolytic Properties To Mitigate Chemotherapy-Induced Kidney Injury
senolytics,cellular_senescence,inferred_from_title_abstract,unclear,Design and Synthesis of Senescence-Targeted Prodrugs with Senomorphic and Senolytic Properties To Mitigate Chemotherapy-Induced Kidney Injury
nad_sirtuin,inflammaging,inferred_from_title_abstract,unclear,"Nicotinamide riboside, an NAD+ precursor, attenuates inflammation and oxidative stress by activating sirtuin 1 in alcohol-stimulated macrophages"
nad_sirtuin,sirtuin_nad,inferred_from_title_abstract,unclear,"Nicotinamide riboside, an NAD+ precursor, attenuates inflammation and oxidative stress by activating sirtuin 1 in alcohol-stimulated macrophages"
nad_sirtuin,sirtuin_nad,inferred_from_title_abstract,unclear,Nicotinamide phosphoribosyltransferase in NAD&lt;sup&gt;+&lt;/sup&gt; metabolism: physiological and pathophysiological implications.
exercise,unclear,inferred_from_title_abstract,animal,Early-life exercise extends healthspan but not lifespan in mice.
senolytics,cellular_senescence,inferred_from_title_abstract,cellular,Single-cell profiling unveils a geroprotective role of Procyanidin C1 in hematopoietic immune system via senolytic and senomorphic effects
microbiome,inflammaging,inferred_from_title_abstract,unclear,"Probiotic Lactiplantibacillus plantarum OL3246 supports healthy aging by enhancing quality of life, reducing inflammation, and modulating gut microbiota: a pilot study."
microbiome,microbiome_host,inferred_from_title_abstract,unclear,"Probiotic Lactiplantibacillus plantarum OL3246 supports healthy aging by enhancing quality of life, reducing inflammation, and modulating gut microbiota: a pilot study."
senolytics,unclear,inferred_from_title_abstract,animal,Dasatinib plus quercetin attenuates some frailty characteristics in SAMP10 mice
rapamycin_mtor,nutrient_sensing,inferred_from_title_abstract,animal,Effect of preoperative rapamycin supplementation on perioperative clinical frailty and cognitive performance in a murine model undergoing anesthesia and surgery.
caloric_restriction,unclear,inferred_from_title_abstract,unclear,Promoting healthspan and lifespan with caloric restriction in primates
microbiome,microbiome_host,inferred_from_title_abstract,unclear,"Decoding ageing: Handan Melike Dönertaş on microbiomes, AI and improving lifespan and healthspan"
sleep_circadian,sirtuin_nad,inferred_from_title_abstract,unclear,NAD&lt;sup&gt;+&lt;/sup&gt; controls circadian rhythmicity during cardiac aging.
caloric_restriction,unclear,inferred_from_title_abstract,animal,Isoleucine dietary restriction boosts healthspan and longevity in mice
caloric_restriction,unclear,inferred_from_title_abstract,unclear,Dietary restriction in aging and longevity.
supplements,unclear,inferred_from_title_abstract,unclear,Bisdemethoxycurcumin extends lifespan and healthspan in &lt;i&gt;Caenorhabditis elegans via&lt;/i&gt; modulation of EGFR-linked signaling pathways.
exercise,unclear,inferred_from_title_abstract,unclear,Physical Exercise Toughens
nad_sirtuin,sirtuin_nad,inferred_from_title_abstract,unclear,On the Nonspecific Degradation of NAD+ to Nicotinamide Riboside
nad_sirtuin,sirtuin_nad,inferred_from_title_abstract,unclear,Determination of NAD+ precursors nicotinamide mononucleotide (NMN) and nicotinamide riboside (NR) in plant foods: exploring dietary sources
microbiome,microbiome_host,inferred_from_title_abstract,unclear,The role of gut microbiome in aging-associated diseases: where do we stand now and how technology will transform the future.
sleep_circadian,microbiome_host,inferred_from_title_abstract,unclear,Circadian synchronization between diet and gut microbiota in modulating host's health.
nad_sirtuin,sirtuin_nad,inferred_from_title_abstract,animal,Function of NAD metabolism in white adipose tissue: lessons from mouse models.
stem_cell,stem_cell_effects,inferred_from_title_abstract,cellular,Recombinant Human Erythropoietin Plays a Pivotal Role As a Topical Stem Cell Activator to Reverse Effects of Damage to the Skin in Aging and Trauma
controversial,unclear,inferred_from_title_abstract,unclear,Accelerated Aging versus Rejuvenation of the Immune System in Heterochronic Parabiosis
supplements,unclear,inferred_from_title_abstract,human,Resveratrol Up-Regulates the Erythrocyte Plasma Membrane Redox System and Mitigates Oxidation-Induced Alterations in Erythrocytes During Aging in Humans
nad_sirtuin,sirtuin_nad,inferred_from_title_abstract,unclear,The Plasma NAD <sup>+</sup> Metabolome Is Dysregulated in “Normal” Aging
stem_cell,stem_cell_effects,inferred_from_title_abstract,cellular,How Could We Slow or Reverse the Human Aging Process and Extend the Healthy Life Span with Heterochronous Autologous Hematopoietic Stem Cell Transplantation
controversial,unclear,inferred_from_title_abstract,unclear,"Three-Month Heterochronic Parabiosis Has a Deleterious Effect on the Lifespan of Young Animals, Without a Positive Effect for Old Animals"
fasting,unclear,inferred_from_title_abstract,unclear,Genetic regulation of fasting-induced longevity effects.
controversial,epigenetic_alterations,inferred_from_title_abstract,unclear,"Young Plasma Rejuvenates Blood DNA Methylation Profile, Extends Mean Lifespan, and Improves Physical Appearance in Old Rats."
caloric_restriction,unclear,inferred_from_title_abstract,human,"Caloric restriction and time-restricted eating in older adults with overweight or obesity: The Health, Aging, and Later-Life Outcomes Pilot Study."
stem_cell,mitochondrial_function,inferred_from_title_abstract,cellular,"MITOCHONDRIAL METABOLIC CHECKPOINT, STEM CELL AGING AND REJUVENATION"
stem_cell,stem_cell_effects,inferred_from_title_abstract,cellular,"MITOCHONDRIAL METABOLIC CHECKPOINT, STEM CELL AGING AND REJUVENATION"
caloric_restriction,unclear,inferred_from_title_abstract,unclear,CALORIC RESTRICTION AND AGING: FROM CALORIES TO FASTING Times
caloric_restriction,unclear,inferred_from_title_abstract,animal,DIETARY RESTRICTION OF ISOLEUCINE INCREASES THE HEALTHSPAN AND LIFESPAN OF GENETICALLY HETEROGENEOUS MICE
microbiome,microbiome_host,inferred_from_title_abstract,unclear,HARNESSING PROTEIN INTAKE AND MICROBIOME INTERACTIONS TO IMPROVE HEALTHSPAN
caloric_restriction,unclear,inferred_from_title_abstract,unclear,MOLECULAR MECHANISM OF LIFESPAN EXTENSION BY CALORIC RESTRICTION
nad_sirtuin,sirtuin_nad,inferred_from_title_abstract,cellular,P–230 The NAD+ precursor nicotinamide riboside protects against postovulatary aging in vitro
nad_sirtuin,sirtuin_nad,inferred_from_title_abstract,unclear,Hydroxyapatite-based nano-drug delivery system for nicotinamide mononucleotide (NMN): significantly enhancing NMN bioavailability and replenishing <i>in vivo</i> nicotinamide adenine dinucleotide (NAD+) levels
sleep_circadian,sirtuin_nad,inferred_from_title_abstract,unclear,"Keeping up with the nicotinamides: NADP(H), the forgotten circadian cofactor that keeps metabolic time."
caloric_restriction,unclear,inferred_from_title_abstract,unclear,Caloric Restriction and Maximum Lifespan
rapamycin_mtor,unclear,inferred_from_title_abstract,unclear,Sirolimus and Mimetics: Modulator Sine Qua Non for Cardiac Xenotransplantation?
controversial,unclear,inferred_from_title_abstract,unclear,Dynamical Systems Models for Plasma Dilution
caloric_restriction,unclear,inferred_from_title_abstract,unclear,Dietary change without caloric restriction maintains a youthful profile in ageing yeast
senolytics,cellular_senescence,inferred_from_title_abstract,unclear,"Exploring the effects of Dasatinib, Quercetin, and Fisetin on DNA methylation clocks: a longitudinal study on senolytic interventions"
senolytics,epigenetic_alterations,inferred_from_title_abstract,unclear,"Exploring the effects of Dasatinib, Quercetin, and Fisetin on DNA methylation clocks: a longitudinal study on senolytic interventions"
nad_sirtuin,sirtuin_nad,inferred_from_title_abstract,human,Towards personalized nicotinamide mononucleotide (NMN) supplementation: nicotinamide adenine dinucleotide (NAD) concentration
senolytics,cellular_senescence,inferred_from_title_abstract,human,Senolytic therapy combining Dasatinib and Quercetin restores the chondrogenic phenotype of human osteoarthritic chondrocytes by promoting the release of pro-anabolic mediators
controversial,unclear,inferred_from_title_abstract,cellular,In vitro heterochronic parabiosis identifies pigment epithelium-derived factor as a systemic mediator of rejuvenation by young blood
caloric_restriction,unclear,inferred_from_title_abstract,unclear,Dietary restriction promotes neuronal resilience via ADIOL
metformin,nutrient_sensing,inferred_from_title_abstract,human,Metformin treatment of diverse Caenorhabditis species reveals the importance of genetic background in longevity and healthspan extension outcomes
metformin,nutrient_sensing,inferred_from_title_abstract,unclear,"Corrigendum to: Anti‐aging pharmacology in cutaneous wound healing: Effects of metformin, resveratrol, and rapamycin by local application"
nad_sirtuin,sirtuin_nad,inferred_from_title_abstract,unclear,Nicotinamide riboside and caffeine partially restore diminished NAD availability but not altered energy metabolism in Alzheimer's disease
senolytics,cellular_senescence,inferred_from_title_abstract,unclear,"Senolytic drugs, dasatinib and quercetin, attenuate adipose tissue inflammation, and ameliorate metabolic function in old age"
senolytics,inflammaging,inferred_from_title_abstract,unclear,"Senolytic drugs, dasatinib and quercetin, attenuate adipose tissue inflammation, and ameliorate metabolic function in old age"
senolytics,cellular_senescence,inferred_from_title_abstract,human,Senolytic therapy combining Dasatinib and Quercetin restores the chondrogenic phenotype of human osteoarthritic chondrocytes by the release of pro‐anabolic mediators
nad_sirtuin,sirtuin_nad,inferred_from_title_abstract,animal,Nicotinamide Riboside Supplementation Alleviates Testicular Aging Induced by Disruption of Qprt‐Dependent <scp>NAD</scp><sup>+</sup> De Novo Synthesis in Mice
caloric_restriction,nutrient_sensing,inferred_from_title_abstract,unclear,"Rapamycin, Not Metformin, Mirrors Dietary Restriction-Driven Lifespan Extension in Vertebrates: A Meta-Analysis."
caloric_restriction,unclear,inferred_from_title_abstract,unclear,An Ad Libitum-Fed Diet That Matches the Beneficial Lifespan Effects of Caloric Restriction but Acts via Opposite Effects on the Energy-Splicing Axis.
senolytics,cellular_senescence,inferred_from_title_abstract,animal,"Senolytic Treatment With Dasatinib and Quercetin Reshapes Influenza‐Specific <scp>CD8</scp> T Cell Responses During Infection in Aged, Vaccinated Mice"
rapamycin_mtor,nutrient_sensing,inferred_from_title_abstract,human,Rapamycin Exerts Its Geroprotective Effects in the Ageing Human Immune System by Enhancing Resilience Against DNA Damage.
fasting,mitochondrial_function,inferred_from_title_abstract,unclear,Fasting as Medicine: Mitochondrial and Endothelial Rejuvenation in Vascular Aging.
lifestyle_bundle,epigenetic_alterations,inferred_from_title_abstract,human,A Multidomain Lifestyle Intervention Is Associated With Improved Functional Trajectories and Favorable Changes in Epigenetic Aging Markers in Frail Older Adults: A Randomized Controlled Trial.
senolytics,cellular_senescence,inferred_from_title_abstract,cellular,DNA Methylation Signatures of Cellular Senescence Are Not Reversed by Senolytic Treatment.
senolytics,epigenetic_alterations,inferred_from_title_abstract,cellular,DNA Methylation Signatures of Cellular Senescence Are Not Reversed by Senolytic Treatment.
caloric_restriction,unclear,inferred_from_title_abstract,unclear,"Review for ""Caloric restriction extends lifespan in a clonal plant"""
caloric_restriction,unclear,inferred_from_title_abstract,unclear,"Review for ""Caloric restriction extends lifespan in a clonal plant"""
caloric_restriction,unclear,inferred_from_title_abstract,unclear,"Review for ""Caloric restriction extends lifespan in a clonal plant"""
caloric_restriction,unclear,inferred_from_title_abstract,unclear,"Review for ""Caloric restriction extends lifespan in a clonal plant"""
caloric_restriction,unclear,inferred_from_title_abstract,unclear,"Review for ""Caloric restriction extends lifespan in a clonal plant"""
caloric_restriction,unclear,inferred_from_title_abstract,unclear,"Review for ""Caloric restriction extends lifespan in a clonal plant"""
microbiome,microbiome_host,inferred_from_title_abstract,unclear,A review of skin microbiome and new challenges to cosmetic microbiome-friendly formulations.
stem_cell,stem_cell_effects,inferred_from_title_abstract,unclear,Advances in Longevity: The Intersection of Regenerative Medicine and Cosmetic Dermatology.
exercise,unclear,inferred_from_title_abstract,unclear,"Impacts of exercise, renin-angiotensin system modulation or both on skeletal muscle circadian gene expression."
exercise,unclear,inferred_from_title_abstract,human,Erratum. Effects of Dancing Associated With Resistance Training on Functional Parameters and Quality of Life of Aging Women: A Randomized Controlled Trial
exercise,unclear,inferred_from_title_abstract,human,Effects of Prolonged Hypertrophic Resistance Training on Acute Endocrine Responses in Young and Older Men
exercise,unclear,inferred_from_title_abstract,human,Exercise Training for Older Adults with Limitations in Physical Function
nad_sirtuin,sirtuin_nad,inferred_from_title_abstract,human,J012 NAD-HD: a randomized clinical trial of nicotinamide riboside in Huntington’s disease
caloric_restriction,unclear,inferred_from_title_abstract,unclear,Can Short-Term Dietary Restriction and Fasting Have a Long-Term Anticarcinogenic Effect?
senolytics,cellular_senescence,inferred_from_title_abstract,unclear,Senolytic Combination of Dasatinib and Quercetin Promotes Tendon-to-Bone Healing by Mitigating Age-Related Senescence in Rats
senolytics,unclear,inferred_from_title_abstract,human,A phase II randomized placebo-controlled study of fisetin to improve physical function in breast cancer survivors: the TROFFi study rationale and trial design.
senolytics,cellular_senescence,inferred_from_title_abstract,cellular,The senolytic effect of Dasatinib and Quercetin on cellular senescence in COPD in vitro and in vivo models
stem_cell,stem_cell_effects,inferred_from_title_abstract,cellular,"Rejuvenation of airway basal stem cells by partial chemical reprogramming Mengyu Zou1, Qiaoyu Chen1, Ying Hua1, Wei Zuo1,2* 1Tongji Stem Cell Center, Tongji University, Shanghai, China 2Kiangnan Institute of Stem Cell, Hangzhou, China"
stem_cell,epigenetic_alterations,inferred_from_title_abstract,cellular,"Rejuvenation of airway basal stem cells by partial chemical reprogramming Mengyu Zou1, Qiaoyu Chen1, Ying Hua1, Wei Zuo1,2* 1Tongji Stem Cell Center, Tongji University, Shanghai, China 2Kiangnan Institute of Stem Cell, Hangzhou, China"
exercise,unclear,inferred_from_title_abstract,unclear,Ageing and exercise: building body capital in old age
exercise,unclear,inferred_from_title_abstract,human,High-speed resistance training vs. low-speed resistance training on body composition and physical function in adults with sarcopenic obesity
exercise,unclear,inferred_from_title_abstract,human,Viability of an educational program for lifestyle changes and an algorithm for the derivation of exercise programs in older people at risk of dependency at primary care: PRICA-POWFRAIL study protocol.
senolytics,cellular_senescence,inferred_from_title_abstract,animal,Senogenic-senolytic treatment strategies enhance tumor control and can improve survival in murine cancer models: a systematic review.
microbiome,microbiome_host,inferred_from_title_abstract,unclear,From dysbiosis to longevity: a narrative review into the gut microbiome's impact on aging.
caloric_restriction,unclear,inferred_from_title_abstract,human,The impacts of different dietary restriction regimens on aging and longevity: from yeast to humans.
reprogramming,cellular_senescence,inferred_from_title_abstract,cellular,Targeting PURPL RNA enabled rejuvenation of senescence cells via epigenetic reprogramming.
reprogramming,epigenetic_alterations,inferred_from_title_abstract,cellular,Targeting PURPL RNA enabled rejuvenation of senescence cells via epigenetic reprogramming.
exercise,cellular_senescence,inferred_from_title_abstract,unclear,"""Immunopause"" no more: exercise to counter immunosenescence in aging."
microbiome,microbiome_host,inferred_from_title_abstract,unclear,Targeting the microbiome: from probiotics to fecal microbiota transplantation
reprogramming,epigenetic_alterations,inferred_from_title_abstract,cellular,Rejuvenation of mesenchymal stromal cells via partial reprogramming enables scalable generation of transcriptionally diverse MSC libraries.
microbiome,microbiome_host,inferred_from_title_abstract,unclear,Sex-dependent locus coeruleus vulnerability in Alzheimer's disease: gut dysbiosis as a driver and probiotic intervention as rescue.
microbiome,microbiome_host,inferred_from_title_abstract,unclear,Fecal microbiota transplantation modulates jejunal host-microbiota interface in weanling piglets
caloric_restriction,unclear,inferred_from_title_abstract,animal,Dynamics of gut bacteriophage in diversity outbred mice studied over lifespan and during extreme caloric restriction.
microbiome,microbiome_host,inferred_from_title_abstract,unclear,The fecal microbiota of wild and captive raptors
microbiome,microbiome_host,inferred_from_title_abstract,unclear,Fecal microbiota transplantation in pigs: current status and future perspective
fasting,unclear,inferred_from_title_abstract,human,A Critical Assessment of Fasting to Promote Metabolic Health and Longevity.
reprogramming,epigenetic_alterations,inferred_from_title_abstract,cellular,Age reprogramming: cell rejuvenation by partial reprogramming
exercise,unclear,inferred_from_title_abstract,human,"Longitudinal Bidirectional Associations between Physical Activity and Cognitive Ability in Older Adults across the United Kingdom, United States, and China."
caloric_restriction,unclear,inferred_from_title_abstract,unclear,Dietary restriction with and without caloric restriction for healthy aging
exercise,unclear,inferred_from_title_abstract,human,Reducing frailty in frail people with multiple sclerosis: Feasibility of a 6-week multimodal exercise training program.
exercise,unclear,inferred_from_title_abstract,human,"ASSOCIATION BETWEEN BERG BALANCE, PHYSIOLOGICAL PROFILE ASSESSMENT AND PHYSICAL ACTIVITY, PHYSICAL FUNCTION AND BODY COMPOSITION: A CROSS-SECTIONAL STUDY"
exercise,unclear,inferred_from_title_abstract,unclear,"CHANGES OF BODY COMPOSITION, MUSCULAR STRENGTH AND PHYSICAL PERFORMANCE DUE TO RESISTANCE TRAINING IN OLDER PERSONS WITH SARCOPENIC OBESITY"
exercise,unclear,inferred_from_title_abstract,unclear,EXERCISE: AN IMPORTANT KEY TO PREVENT PHYSICAL AND COGNITIVE FRAILTY
exercise,unclear,inferred_from_title_abstract,human,RESISTANCE TRAINING AND CO-SUPPLEMENTATION WITH CREATINE AND PROTEIN IN OLDER SUBJECTS WITH FRAILTY
exercise,unclear,inferred_from_title_abstract,unclear,EXERCISE INTERVENTIONS FOR PRESERVING PHYSICAL FUNCTION AMONG CANCER SURVIVORS IN MIDDLE TO LATE LIFE
exercise,unclear,inferred_from_title_abstract,human,Educating Medical Students in Counselling Older Adults about Exercise: The Impact of a Physical Activity Module
exercise,unclear,inferred_from_title_abstract,human,The Sustained Impact of a Medical School-Based Physical Activity Module on Interns' Perceived Competence in Advising Older Adults About Exercise
exercise,unclear,inferred_from_title_abstract,human,"Multi-Component Exercise with High-Intensity, Free-Weight, Functional Resistance Training in Pre-Frail Females: A Quasi-Experimental, Pilot Study"
controversial,inflammaging,inferred_from_title_abstract,animal,Young Plasma Attenuated Chronic Kidney Disease Progression after Acute Kidney Injury by Inhibiting Inflammation in Mice
senolytics,cellular_senescence,inferred_from_title_abstract,cellular,"Targeting Cellular Senescence in Aging and Age-Related Diseases: Challenges, Considerations, and the Emerging Role of Senolytic and Senomorphic Therapies"
microbiome,microbiome_host,inferred_from_title_abstract,animal,Fecal Microbiota Transplantation Attenuates Frailty via Gut-Muscle Axis in Old Mice
microbiome,microbiome_host,inferred_from_title_abstract,animal,Fecal Microbiota Transfer from Young Mice Reverts Vascular Aging Hallmarks and Metabolic Impairments in Aged Mice
exercise,unclear,inferred_from_title_abstract,unclear,The Impact of Young and/or Exercised Plasma Transfusions in Neurodegenerative Conditions: A Scoping Review
sleep_circadian,epigenetic_alterations,inferred_from_title_abstract,cellular,Prolonged Mild Sleep Restriction Changes Epigenome-Wide DNA Methylation in Peripheral Blood Cells: A Randomized Crossover Trial.
senolytics,cellular_senescence,inferred_from_title_abstract,cellular,RISING STARS: Targeting premature cellular senescence using senomorphic or senolytic agents to impact diabetes
exercise,dna_repair_genomic,inferred_from_title_abstract,cellular,"Effects of Physical Activity, Exercise Training and Physical Fitness on Telomere Length as Biomarker of Cell Aging"
rapamycin_mtor,nutrient_sensing,inferred_from_title_abstract,unclear,Once again on rapamycin-induced insulin resistance and longevity: despite of or owing to
rapamycin_mtor,nutrient_sensing,inferred_from_title_abstract,unclear,Rapamycin as longevity enhancer and cancer preventative agent in the context of p53 deficiency
metformin,nutrient_sensing,inferred_from_title_abstract,cellular,"Metformin and rapamycin are master-keys for understanding the relationship between cell senescent, aging and cancer"
rapamycin_mtor,nutrient_sensing,inferred_from_title_abstract,unclear,Rapamycin for longevity: opinion article
fasting,stem_cell_effects,inferred_from_title_abstract,cellular,Fasting for stem cell rejuvenation
controversial,unclear,inferred_from_title_abstract,animal,Evaluation of the effect of age of the younger mice on the rejuvenation of the older mice by heterochronic parabiosis
rapamycin_mtor,nutrient_sensing,inferred_from_title_abstract,unclear,Towards disease-oriented dosing of rapamycin for longevity: does aging exist or only age-related diseases?
senolytics,cellular_senescence,inferred_from_title_abstract,unclear,"Exploring the effects of Dasatinib, Quercetin, and Fisetin on DNA methylation clocks: a longitudinal study on senolytic interventions"
senolytics,epigenetic_alterations,inferred_from_title_abstract,unclear,"Exploring the effects of Dasatinib, Quercetin, and Fisetin on DNA methylation clocks: a longitudinal study on senolytic interventions"
rapamycin_mtor,nutrient_sensing,inferred_from_title_abstract,human,What is the clinical evidence to support off-label rapamycin therapy in healthy adults?
senolytics,cellular_senescence,inferred_from_title_abstract,unclear,Exploring Senolytic and Senomorphic Properties of Medicinal Plants for Anti-Aging Therapies
senolytics,cellular_senescence,inferred_from_title_abstract,cellular,"Heterogeneity of Cellular Senescence, Senotyping, and Targeting by Senolytics and Senomorphics in Lung Diseases"
senolytics,cellular_senescence,inferred_from_title_abstract,animal,"Rescuing Healthspan in Obese, Aged Mice: A Comparison between Multi-Ingredient Nutraceuticals and Senolytic Interventions"
senolytics,cellular_senescence,inferred_from_title_abstract,animal,Long-term treatment with senolytic drugs Dasatinib and Quercetin ameliorates age-dependent intervertebral disc degeneration in mice
microbiome,microbiome_host,inferred_from_title_abstract,unclear,"Young to aged fecal microbiota transfer reverses hallmarks of the aging gut, eye, and brain"
nad_sirtuin,epigenetic_alterations,inferred_from_title_abstract,unclear,Nicotinamide mononucleotide ameliorates adriamycin-induced renal damage by epigenetically suppressing the NMN/NAD consumers mediated by Twist2
nad_sirtuin,sirtuin_nad,inferred_from_title_abstract,unclear,Nicotinamide mononucleotide ameliorates adriamycin-induced renal damage by epigenetically suppressing the NMN/NAD consumers mediated by Twist2
senolytics,cellular_senescence,inferred_from_title_abstract,animal,Dasatinib and quercetin senolytic treatment delays early onset intervertebral disc degeneration in SM/J mice
senolytics,cellular_senescence,inferred_from_title_abstract,cellular,Modulating SASP-Driven Paracrine Effects to Overcome Therapy-Induced Senescence: Senolytic Role of Hesperidin and Quercetin in A549 Lung Cancer Cells
microbiome,microbiome_host,inferred_from_title_abstract,unclear,The gut–brain axis in neurodegenerative disorders: Evaluating the therapeutic potential of probiotic and fecal microbiota transplantation
exercise,unclear,inferred_from_title_abstract,unclear,Systemic Metabolic Bottlenecks as Constraints on Exercise Responsiveness and Functional Healthspan During Aging
microbiome,microbiome_host,inferred_from_title_abstract,unclear,Gut microbiome composition after multi-donor fecal microbiota transplantation for obesity
stem_cell,stem_cell_effects,inferred_from_title_abstract,unclear,Poly-L-Lactic Acid in Facial Rejuvenation: Volumetric Data Supporting Regenerative Outcomes.
senolytics,cellular_senescence,inferred_from_title_abstract,cellular,Targeting Cellular Senescence for Healthy Aging: Advances in Senolytics and Senomorphics.
senolytics,cellular_senescence,inferred_from_title_abstract,cellular,Targeting Cellular Senescence: Therapeutic Advances in Senolytic and Senomorphic Interventions for Age-Related Pathologies
nad_sirtuin,sirtuin_nad,inferred_from_title_abstract,unclear,"Nicotinamide Adenine Dinucleotide (NAD)-Dependent Protein Deacetylase, Sirtuin, as a Biomarker of Healthy Life Expectancy: A Mini- Review"
nad_sirtuin,sirtuin_nad,inferred_from_title_abstract,human,Crystal structure of human nicotinamide riboside kinase (NRK1) in complex with nicotinamide mononucleotide (NMN)
metformin,nutrient_sensing,inferred_from_title_abstract,unclear,Mechanisms under Metformin and Rapamycin as Anti-aging Drugs
senolytics,cellular_senescence,inferred_from_title_abstract,unclear,SENOLYTIC COMBINATION OF DASATINIB AND QUERCETIN: A REVIEW OF PRECLINICAL AND CLINICAL STUDIES
nad_sirtuin,sirtuin_nad,inferred_from_title_abstract,unclear,Nicotinamide Riboside Chloride
nad_sirtuin,sirtuin_nad,inferred_from_title_abstract,unclear,Nicotinamide Riboside Chloride
nad_sirtuin,sirtuin_nad,inferred_from_title_abstract,unclear,Nicotinamide Riboside and NAD+ Decline: Hype vs. Evidence
stem_cell,stem_cell_effects,inferred_from_title_abstract,cellular,Can Stem Cells Reverse Aging?
microbiome,microbiome_host,inferred_from_title_abstract,unclear,Fecal microbiota transplantation and gut microbiome effects on psychiatric illnesses
caloric_restriction,unclear,inferred_from_title_abstract,unclear,Dietary Strategies for Healthy Aging – Caloric Restriction and Beyond
exercise,unclear,inferred_from_title_abstract,unclear,Redox regulation in aging muscles: exercise as a key modulator to combat sarcopenia and frailty.
caloric_restriction,unclear,inferred_from_title_abstract,unclear,Molecular mechanisms underlying the lifespan and healthspan benefits of dietary restriction across species.
microbiome,microbiome_host,inferred_from_title_abstract,human,Biohacking the human gut microbiome for precision health and therapeutic innovation.
microbiome,microbiome_host,inferred_from_title_abstract,unclear,Examination of shared gut microbiome signatures in aging and Parkinson's disease.
microbiome,epigenetic_alterations,inferred_from_title_abstract,human,Epigenetic and microbiome responses to greens supplementation in obese older adults: results from a randomized crossover-controlled trial.
microbiome,microbiome_host,inferred_from_title_abstract,human,Epigenetic and microbiome responses to greens supplementation in obese older adults: results from a randomized crossover-controlled trial.
exercise,epigenetic_alterations,inferred_from_title_abstract,unclear,Exercise and nutrition as epigenetic regulators of gene expression: an exploratory scoping review with bibliometric analysis.
senolytics,cellular_senescence,inferred_from_title_abstract,unclear,Senolytic Cocktail Dasatinib+Quercetin (D+Q) Does Not Enhance the Efficacy of Senescence-Inducing Chemotherapy in Liver Cancer
exercise,unclear,inferred_from_title_abstract,human,Research advances in exercise management for frail older adults.
lifestyle_bundle,unclear,inferred_from_title_abstract,human,Editorial: Integrated strategies for lifelong health: multidimensional approaches to aging and lifestyle interventions.
senolytics,cellular_senescence,inferred_from_title_abstract,animal,Senolytic treatment with dasatinib and quercetin does not improve overall influenza responses in aged mice
rapamycin_mtor,nutrient_sensing,inferred_from_title_abstract,unclear,"Rapamycin for longevity: the pros, the cons, and future perspectives."
exercise,unclear,inferred_from_title_abstract,unclear,Editorial: Spotlight on aging: role of exercise and nutrition in healthy longevity.
nad_sirtuin,sirtuin_nad,inferred_from_title_abstract,unclear,Intravenous infusion of nicotinamide adenine dinucleotide (NAD+) versus nicotinamide riboside (NR): a retrospective tolerability pilot study in a real-world setting
exercise,unclear,inferred_from_title_abstract,human,Effects of exercise training on frail older adults with heart failure: a systematic-review.
exercise,unclear,inferred_from_title_abstract,unclear,Practical guidelines for exercise prescription in different clinical populations.
sleep_circadian,unclear,inferred_from_title_abstract,unclear,"Dynamic Oxidative States: Interplay of Aging, Metabolic Stress, and Circadian Rhythms in Modulating Stroke Severity."
nad_sirtuin,sirtuin_nad,inferred_from_title_abstract,unclear,"Nicotinamide, Nicotinamide Riboside and Nicotinic Acid—Emerging Roles in Replicative and Chronological Aging in Yeast"
nad_sirtuin,sirtuin_nad,inferred_from_title_abstract,unclear,"Enzymatic and Chemical Syntheses of Vacor Analogs of Nicotinamide Riboside, NMN and NAD"
nad_sirtuin,sirtuin_nad,inferred_from_title_abstract,cellular,Pathobiochemistry of Aging and Neurodegeneration: Deregulation of NAD+ Metabolism in Brain Cells.
microbiome,microbiome_host,inferred_from_title_abstract,unclear,Mechanistic Links Between the Gut Microbiome and Longevity Therapeutics.
metformin,nutrient_sensing,inferred_from_title_abstract,unclear,Metformin for Longevity and Sarcopenia: A Therapeutic Paradox in Aging.
stem_cell,stem_cell_effects,inferred_from_title_abstract,cellular,Rejuvenated Autologous Adult Stem Cells: Emerging Front Runners in the Fight Against Aging and Associated Diseases.
reprogramming,epigenetic_alterations,inferred_from_title_abstract,unclear,Partial Reprogramming Is Conserved from Insect to Mammal.
senolytics,cellular_senescence,inferred_from_title_abstract,unclear,Exploring Senolytic and Senomorphic Properties of Medicinal Plants for Anti-Aging Therapies
senolytics,cellular_senescence,inferred_from_title_abstract,cellular,Targeting Cellular Senescence with Liposome-Encapsulated Fisetin: Evidence of Senomorphic Effect
senolytics,cellular_senescence,inferred_from_title_abstract,cellular,"Heterogeneity of Cellular Senescence, Senotyping, and Targeting by Senolytics and Senomorphics in Lung Diseases."
microbiome,microbiome_host,inferred_from_title_abstract,unclear,Probiotic Modulation in Aging: Strain-Specific Geroprotective Effects in &lt;i&gt;Caenorhabditis elegans&lt;/i&gt;.
senolytics,cellular_senescence,inferred_from_title_abstract,animal,Senolytic Treatment Improves Responsiveness to Mechanical Loading in the Skeleton of Aged Mice.
rapamycin_mtor,nutrient_sensing,inferred_from_title_abstract,animal,Momordica charantia Extract Treatment Extends the Healthy Lifespan of Aging Mice via the Bitter Taste Receptor/mTOR Pathway
sleep_circadian,nutrient_sensing,inferred_from_title_abstract,unclear,Metformin Regulation of the Liver Circadian Clock and Metabolic Aging: A Systems Modeling Study.
stem_cell,stem_cell_effects,inferred_from_title_abstract,unclear,The Molecular Exposome of Visible Age Reversal: From Organ-Skin Axes to Regenerative Aesthetics.
nad_sirtuin,sirtuin_nad,inferred_from_title_abstract,cellular,Nicotinamide Riboside and Dihydronicotinic Acid Riboside Synergistically Increase Intracellular NAD+ by Generating Dihydronicotinamide Riboside
sleep_circadian,unclear,inferred_from_title_abstract,unclear,Vitamin B3 Ameliorates Sleep Duration and Quality in Clinical and Pre-Clinical Studies.
fasting,unclear,inferred_from_title_abstract,unclear,"Endocrine Adaptations to Prolonged Fasting: From Physiology, Clinical Uncertainties, Translational Challenges to Healthspan Implications."
senolytics,unclear,inferred_from_title_abstract,cellular,"Beneficial Effects of Fisetin, a Senotherapeutic Compound, in Women's Reproductive Health and Diseases: Evidence from In Vitro to Clinical Studies."
sleep_circadian,unclear,inferred_from_title_abstract,unclear,"How We Sleep, How We Move, How Long We Expect to Live: An Integrative Review of Lifestyle Behaviors and Subjective Life Expectancy."
exercise,unclear,inferred_from_title_abstract,unclear,From Lifespan to Healthspan: Integrating Nutrition and Physical Activity in Healthy Ageing.
microbiome,microbiome_host,inferred_from_title_abstract,human,"Diet, the Gut Microbiome, and Estrogen Physiology: A Review in Menopausal Health and Interventions."
nad_sirtuin,sirtuin_nad,inferred_from_title_abstract,unclear,A Narrative Review of Nicotinamide Adenine Dinucleotide (NAD)+ Intermediates Nicotinamide Riboside and Nicotinamide Mononucleotide for Keratinocyte Carcinoma Risk Reduction
microbiome,microbiome_host,inferred_from_title_abstract,unclear,"Gut Microbiota, Probiotics, and Aging: Molecular Mechanisms and Implications for Healthy Aging."
senolytics,cellular_senescence,inferred_from_title_abstract,human,Senolytic effect of dasatinib and quercetin on human beings
caloric_restriction,unclear,inferred_from_title_abstract,unclear,Caloric Restriction
sleep_circadian,sirtuin_nad,inferred_from_title_abstract,animal,Nicotinamide mononucleotide attenuates hepatic endoplasmic reticulum stress and modulates circadian rhythms in young mice with diet-induced obesity.
exercise,unclear,inferred_from_title_abstract,human,Resistance Training and Frail Adults
exercise,unclear,inferred_from_title_abstract,unclear,"Aging, health, and physical activity in Iran"
exercise,unclear,inferred_from_title_abstract,unclear,"Education, physical activity, and healthy aging in Italy"
exercise,unclear,inferred_from_title_abstract,unclear,Healthy aging in Cuba through physical activity
exercise,unclear,inferred_from_title_abstract,unclear,Physical and cognitive exercise in ageing
exercise,unclear,inferred_from_title_abstract,unclear,Physiological Adaptability to Training and Physical Activity
exercise,epigenetic_alterations,inferred_from_title_abstract,unclear,Proof of Concept - The Impact of Resistance Training on Female Biological Age: Evidence from a Sex-Specific Epigenetic Clock (UmmuAge)
senolytics,cellular_senescence,inferred_from_title_abstract,human,Cross-senolytic effects of dasatinib and quercetin in humans
nad_sirtuin,sirtuin_nad,inferred_from_title_abstract,unclear,Nicotinamide Mononucleotide (NMN) as a Solution of Decrease Nicotinamide Adenine Dinucleotide (NAD+) in Aging
caloric_restriction,unclear,inferred_from_title_abstract,unclear,Peer Review Report For: Dietary restriction with and without caloric restriction for healthy aging [version 1; peer review: 3 approved]
caloric_restriction,unclear,inferred_from_title_abstract,unclear,Peer Review Report For: Dietary restriction with and without caloric restriction for healthy aging [version 1; peer review: 3 approved]
caloric_restriction,unclear,inferred_from_title_abstract,unclear,Peer Review Report For: Dietary restriction with and without caloric restriction for healthy aging [version 1; peer review: 3 approved]
controversial,unclear,inferred_from_title_abstract,unclear,Overview of parabiosis and heterochronic parabiosis research in the context of aging
nad_sirtuin,cellular_senescence,inferred_from_title_abstract,cellular,"Sequential versus Co-treatment of MitoQ and NMN to Enhance Autophagy, NAD⁺ Metabolism, and Mitochondrial Function in Cellular Senescence, with Exploratory Uncoupler–NMN Synergy in Vascular Aging"
nad_sirtuin,mitochondrial_function,inferred_from_title_abstract,cellular,"Sequential versus Co-treatment of MitoQ and NMN to Enhance Autophagy, NAD⁺ Metabolism, and Mitochondrial Function in Cellular Senescence, with Exploratory Uncoupler–NMN Synergy in Vascular Aging"
nad_sirtuin,proteostasis_autophagy,inferred_from_title_abstract,cellular,"Sequential versus Co-treatment of MitoQ and NMN to Enhance Autophagy, NAD⁺ Metabolism, and Mitochondrial Function in Cellular Senescence, with Exploratory Uncoupler–NMN Synergy in Vascular Aging"
nad_sirtuin,sirtuin_nad,inferred_from_title_abstract,cellular,"Sequential versus Co-treatment of MitoQ and NMN to Enhance Autophagy, NAD⁺ Metabolism, and Mitochondrial Function in Cellular Senescence, with Exploratory Uncoupler–NMN Synergy in Vascular Aging"
metformin,nutrient_sensing,inferred_from_title_abstract,unclear,"Where and How in the mTOR Pathway Inhibitors Fight Aging: Rapamycin, Resveratrol, and Metformin"
reprogramming,epigenetic_alterations,inferred_from_title_abstract,cellular,Partial Reprogramming Uncouples Cellular Identity from Cellular Aging in Mesenchymal Stromal Cells
microbiome,microbiome_host,inferred_from_title_abstract,human,"Impact of probiotic supplementation in lactating sows on immune and oxidative stress biomarkers, short-chain fatty acids, piglet performance, and fecal microbiome"
metformin,nutrient_sensing,inferred_from_title_abstract,unclear,Molecular mechanisms of metformin action: From metabolic effects to lifespan extension and healthspan promotion.
nad_sirtuin,sirtuin_nad,inferred_from_title_abstract,human,EFFICACY OF NICOTINAMIDE MONONUCLEOTIDE SUPPLEMENTATION (NMN) IN BLOOD NICOTINAMIDE ADENINE DINUCLEOTIDE (NAD) FOR ANTI-AGING IN ADULTS: A SYSTEMATIC REVIEW
nad_sirtuin,sirtuin_nad,inferred_from_title_abstract,animal,"Impact of nicotinamide riboside, a precursor of NAD⁺ on cardiac remodeling after myocardial infarction in rat"
metformin,nutrient_sensing,inferred_from_title_abstract,unclear,Anti-aging effects of metformin: impact on signs of aging
nad_sirtuin,sirtuin_nad,inferred_from_title_abstract,animal,"Peer Review #2 of ""Nicotinamide riboside exerts protective effect against aging-induced NAFLD-like hepatic dysfunction in mice (v0.1)"""
nad_sirtuin,sirtuin_nad,inferred_from_title_abstract,unclear,Figure 1. Various modes of axonal protection mediated by the manipulation of NAD+ synthesis pathways.
supplements,epigenetic_alterations,inferred_from_title_abstract,human,Figure 2—figure supplement 4. Age-related changes in DNA methylation of the ten WLMT clock sites with highest positive weights.
supplements,epigenetic_alterations,inferred_from_title_abstract,human,Figure 2—figure supplement 5. Age-related changes in DNA methylation for the ten WLMT clock sites with lowest negative weights.
senolytics,cellular_senescence,inferred_from_title_abstract,animal,Editor's evaluation: Short senolytic or senostatic interventions rescue progression of radiation-induced frailty and premature ageing in mice
senolytics,cellular_senescence,inferred_from_title_abstract,animal,Decision letter: Short senolytic or senostatic interventions rescue progression of radiation-induced frailty and premature ageing in mice
exercise,unclear,inferred_from_title_abstract,unclear,Physical Activity as an Intervention for Frailty Syndrome: A Narrative Review.
microbiome,microbiome_host,inferred_from_title_abstract,unclear,Fecal Microbiota Transplantation: A Microbiome Modulation Technique for Alzheimer’s Disease
rapamycin_mtor,nutrient_sensing,inferred_from_title_abstract,cellular,The Mechanistic Target of Rapamycin (mTOR) Pathway as a Target of Anti-aging Therapies: The Role of Rapamycin and Its Analogs in the Regulation of Cellular Processes and Their Impact on Longevity.
senolytics,cellular_senescence,inferred_from_title_abstract,human,Dasatinib and Quercetin: Short-term Simultaneous Administration Yields Senolytic Effect in Humans
nad_sirtuin,sirtuin_nad,inferred_from_title_abstract,unclear,Small molecule activators of sirtuins extend Saccharomyces cerevisiae lifespan.
rapamycin_mtor,nutrient_sensing,inferred_from_title_abstract,animal,Rapamycin fed late in life extends lifespan in genetically heterogeneous mice.
nad_sirtuin,sirtuin_nad,inferred_from_title_abstract,animal,"Nicotinamide mononucleotide, a key NAD(+) intermediate, treats the pathophysiology of diet- and age-induced diabetes in mice."
exercise,unclear,inferred_from_title_abstract,unclear,Aging and exercise.
controversial,dna_repair_genomic,inferred_from_title_abstract,animal,Telomerase gene therapy in adult and old mice delays aging and increases longevity without increasing cancer.
metformin,nutrient_sensing,inferred_from_title_abstract,unclear,Metformin retards aging in C. elegans by altering microbial folate and methionine metabolism.
caloric_restriction,unclear,inferred_from_title_abstract,unclear,Fasting or caloric restriction for healthy aging.
nad_sirtuin,mitochondrial_function,inferred_from_title_abstract,unclear,The NAD(+)/Sirtuin Pathway Modulates Longevity through Activation of Mitochondrial UPR and FOXO Signaling.
nad_sirtuin,sirtuin_nad,inferred_from_title_abstract,unclear,The NAD(+)/Sirtuin Pathway Modulates Longevity through Activation of Mitochondrial UPR and FOXO Signaling.
metformin,nutrient_sensing,inferred_from_title_abstract,animal,Metformin improves healthspan and lifespan in mice.
nad_sirtuin,mitochondrial_function,inferred_from_title_abstract,unclear,Declining NAD(+) induces a pseudohypoxic state disrupting nuclear-mitochondrial communication during aging.
nad_sirtuin,sirtuin_nad,inferred_from_title_abstract,unclear,Declining NAD(+) induces a pseudohypoxic state disrupting nuclear-mitochondrial communication during aging.
nad_sirtuin,sirtuin_nad,inferred_from_title_abstract,unclear,NAD+ and sirtuins in aging and disease.
rapamycin_mtor,nutrient_sensing,inferred_from_title_abstract,unclear,"Longevity, aging and rapamycin."
senolytics,cellular_senescence,inferred_from_title_abstract,cellular,The Achilles' heel of senescent cells: from transcriptome to senolytic drugs.
fasting,unclear,inferred_from_title_abstract,human,"A Periodic Diet that Mimics Fasting Promotes Multi-System Regeneration, Enhanced Cognitive Performance, and Healthspan."
nad_sirtuin,mitochondrial_function,inferred_from_title_abstract,unclear,NAD(+) Metabolism and the Control of Energy Homeostasis: A Balancing Act between Mitochondria and the Nucleus.
nad_sirtuin,sirtuin_nad,inferred_from_title_abstract,unclear,NAD(+) Metabolism and the Control of Energy Homeostasis: A Balancing Act between Mitochondria and the Nucleus.
exercise,unclear,inferred_from_title_abstract,unclear,Exercise and the cardiovascular system: clinical science and cardiovascular outcomes.
rapamycin_mtor,cellular_senescence,inferred_from_title_abstract,unclear,MTOR regulates the pro-tumorigenic senescence-associated secretory phenotype by promoting IL1A translation.
rapamycin_mtor,nutrient_sensing,inferred_from_title_abstract,unclear,MTOR regulates the pro-tumorigenic senescence-associated secretory phenotype by promoting IL1A translation.
stem_cell,stem_cell_effects,inferred_from_title_abstract,animal,Clearance of senescent cells by ABT263 rejuvenates aged hematopoietic stem cells in mice.
nad_sirtuin,sirtuin_nad,inferred_from_title_abstract,unclear,"NAD⁺ in aging, metabolism, and neurodegeneration."
metformin,nutrient_sensing,inferred_from_title_abstract,unclear,Metformin as a Tool to Target Aging.
nad_sirtuin,mitochondrial_function,inferred_from_title_abstract,unclear,CD38 Dictates Age-Related NAD Decline and Mitochondrial Dysfunction through an SIRT3-Dependent Mechanism.
nad_sirtuin,sirtuin_nad,inferred_from_title_abstract,unclear,CD38 Dictates Age-Related NAD Decline and Mitochondrial Dysfunction through an SIRT3-Dependent Mechanism.
microbiome,microbiome_host,inferred_from_title_abstract,unclear,Probiotics History.
microbiome,microbiome_host,inferred_from_title_abstract,human,The Human Intestinal Microbiome in Health and Disease.
exercise,unclear,inferred_from_title_abstract,unclear,Nutrition and Exercise in Sarcopenia.
nad_sirtuin,sirtuin_nad,inferred_from_title_abstract,unclear,"The brain, sirtuins, and ageing."
nad_sirtuin,epigenetic_alterations,inferred_from_title_abstract,unclear,"Sirtuins, epigenetics and longevity."
nad_sirtuin,sirtuin_nad,inferred_from_title_abstract,unclear,"Sirtuins, epigenetics and longevity."
rapamycin_mtor,nutrient_sensing,inferred_from_title_abstract,animal,Rapamycin in mice.
exercise,unclear,inferred_from_title_abstract,unclear,Benefits of Exercise in the Older Population.
nad_sirtuin,sirtuin_nad,inferred_from_title_abstract,unclear,NAD(+) Intermediates: The Biology and Therapeutic Potential of NMN and NR.
nad_sirtuin,sirtuin_nad,inferred_from_title_abstract,unclear,Therapeutic Potential of NAD-Boosting Molecules: The In Vivo Evidence.
nad_sirtuin,sirtuin_nad,inferred_from_title_abstract,human,Impairment of an Endothelial NAD(+)-H(2)S Signaling Network Is a Reversible Cause of Vascular Aging.
nad_sirtuin,sirtuin_nad,inferred_from_title_abstract,unclear,A Potent and Specific CD38 Inhibitor Ameliorates Age-Related Metabolic Dysfunction by Reversing Tissue NAD(+) Decline.
senolytics,cellular_senescence,inferred_from_title_abstract,unclear,Senolytics improve physical function and increase lifespan in old age.
caloric_restriction,proteostasis_autophagy,inferred_from_title_abstract,unclear,The effect of fasting or calorie restriction on autophagy induction: A review of the literature.
nad_sirtuin,mitochondrial_function,inferred_from_title_abstract,unclear,De novo NAD(+) synthesis enhances mitochondrial function and improves health.
nad_sirtuin,sirtuin_nad,inferred_from_title_abstract,unclear,De novo NAD(+) synthesis enhances mitochondrial function and improves health.
stem_cell,stem_cell_effects,inferred_from_title_abstract,cellular,Haematopoietic stem cell activity and interactions with the niche.
exercise,unclear,inferred_from_title_abstract,human,The Additive Effects of Creatine Supplementation and Exercise Training in an Aging Population: A Systematic Review of Randomized Controlled Trials.
caloric_restriction,nutrient_sensing,inferred_from_title_abstract,unclear,Is Rapamycin a Dietary Restriction Mimetic?
senolytics,cellular_senescence,inferred_from_title_abstract,cellular,Senolytic therapy alleviates Aβ-associated oligodendrocyte progenitor cell senescence and cognitive deficits in an Alzheimer's disease model.
exercise,unclear,inferred_from_title_abstract,human,Effect of a multicomponent exercise programme (VIVIFRAIL) on functional capacity in frail community elders with cognitive decline: study protocol for a randomized multicentre control trial.
microbiome,microbiome_host,inferred_from_title_abstract,animal,Healthspan and lifespan extension by fecal microbiota transplantation into progeroid mice.
exercise,unclear,inferred_from_title_abstract,human,Resistance Training for Older Adults: Position Statement From the National Strength and Conditioning Association.
supplements,unclear,inferred_from_title_abstract,human,Oral collagen supplementation for skin aging: A fad or the future?
rapamycin_mtor,nutrient_sensing,inferred_from_title_abstract,unclear,Rapamycin protects aging muscle.
metformin,stem_cell_effects,inferred_from_title_abstract,cellular,Metformin Restores CNS Remyelination Capacity by Rejuvenating Aged Stem Cells.
metformin,nutrient_sensing,inferred_from_title_abstract,cellular,Metformin Restores CNS Remyelination Capacity by Rejuvenating Aged Stem Cells.
rapamycin_mtor,nutrient_sensing,inferred_from_title_abstract,unclear,Rapamycin for longevity: opinion article.
exercise,unclear,inferred_from_title_abstract,unclear,"Dietary Protein, Exercise, and Frailty Domains."
rapamycin_mtor,cellular_senescence,inferred_from_title_abstract,human,"Topical rapamycin reduces markers of senescence and aging in human skin: an exploratory, prospective, randomized trial."
rapamycin_mtor,nutrient_sensing,inferred_from_title_abstract,human,"Topical rapamycin reduces markers of senescence and aging in human skin: an exploratory, prospective, randomized trial."
nad_sirtuin,sirtuin_nad,inferred_from_title_abstract,unclear,NAD+ therapy in age-related degenerative disorders: A benefit/risk analysis.
nad_sirtuin,sirtuin_nad,inferred_from_title_abstract,unclear,Hypothalamic NAD(+)-Sirtuin Axis: Function and Regulation.
exercise,unclear,inferred_from_title_abstract,unclear,Physical activity and exercise: Strategies to manage frailty.
sleep_circadian,epigenetic_alterations,inferred_from_title_abstract,unclear,NAD(+) Controls Circadian Reprogramming through PER2 Nuclear Translocation to Counter Aging.
sleep_circadian,sirtuin_nad,inferred_from_title_abstract,unclear,NAD(+) Controls Circadian Reprogramming through PER2 Nuclear Translocation to Counter Aging.
senolytics,cellular_senescence,inferred_from_title_abstract,cellular,Senolytic CAR T cells reverse senescence-associated pathologies.
nad_sirtuin,sirtuin_nad,inferred_from_title_abstract,unclear,NAD(+) homeostasis in health and disease.
rapamycin_mtor,stem_cell_effects,inferred_from_title_abstract,cellular,Rapamycin for aging stem cells.
rapamycin_mtor,nutrient_sensing,inferred_from_title_abstract,cellular,Rapamycin for aging stem cells.
exercise,unclear,inferred_from_title_abstract,human,Physical exercise in the prevention and treatment of Alzheimer's disease.
exercise,unclear,inferred_from_title_abstract,unclear,Benefits of exercise training on cerebrovascular and cognitive function in ageing.
exercise,unclear,inferred_from_title_abstract,human,"Preserving Mobility in Older Adults with Physical Frailty and Sarcopenia: Opportunities, Challenges, and Recommendations for Physical Activity Interventions."
rapamycin_mtor,nutrient_sensing,inferred_from_title_abstract,unclear,Effect of rapamycin on aging and age-related diseases-past and future.
microbiome,microbiome_host,inferred_from_title_abstract,unclear,"Role of gut-brain axis, gut microbial composition, and probiotic intervention in Alzheimer's disease."
exercise,unclear,inferred_from_title_abstract,human,Benefits of Resistance Training in Older Adults.
stem_cell,stem_cell_effects,inferred_from_title_abstract,cellular,Stem cell aging.
senolytics,cellular_senescence,inferred_from_title_abstract,unclear,Senolytic agent Quercetin ameliorates intervertebral disc degeneration via the Nrf2/NF-κB axis.
nad_sirtuin,sirtuin_nad,inferred_from_title_abstract,cellular,NAD(+) metabolism and its roles in cellular processes during ageing.
nad_sirtuin,sirtuin_nad,inferred_from_title_abstract,cellular,Role of NAD(+) in regulating cellular and metabolic signaling pathways.
supplements,unclear,inferred_from_title_abstract,human,Current Evidence and Possible Future Applications of Creatine Supplementation for Older Adults.
controversial,unclear,inferred_from_title_abstract,unclear,"Parabiosis modeling: protocol, application and perspectives."
exercise,unclear,inferred_from_title_abstract,human,[Physical exercise impact on variables related to emotional and functional well-being in older adults].
caloric_restriction,nutrient_sensing,inferred_from_title_abstract,unclear,Effects of Calorie Restriction on Health Span and Insulin Resistance: Classic Calorie Restriction Diet vs. Ketosis-Inducing Diet.
stem_cell,inflammaging,inferred_from_title_abstract,cellular,Aged skeletal stem cells generate an inflammatory degenerative niche.
stem_cell,stem_cell_effects,inferred_from_title_abstract,cellular,Aged skeletal stem cells generate an inflammatory degenerative niche.
exercise,unclear,inferred_from_title_abstract,human,International Exercise Recommendations in Older Adults (ICFSR): Expert Consensus Guidelines.
nad_sirtuin,sirtuin_nad,inferred_from_title_abstract,unclear,"Preclinical and clinical evidence of NAD(+) precursors in health, disease, and ageing."
caloric_restriction,unclear,inferred_from_title_abstract,unclear,Molecular mechanisms of dietary restriction promoting health and longevity.
exercise,epigenetic_alterations,inferred_from_title_abstract,human,DNA methylation-based biomarkers of aging were slowed down in a two-year diet and physical activity intervention trial: the DAMA study.
fasting,unclear,inferred_from_title_abstract,animal,"Fasting drives the metabolic, molecular and geroprotective effects of a calorie-restricted diet in mice."
microbiome,cellular_senescence,inferred_from_title_abstract,cellular,"Microbiome and Human Aging: Probiotic and Prebiotic Potentials in Longevity, Skin Health and Cellular Senescence."
microbiome,microbiome_host,inferred_from_title_abstract,cellular,"Microbiome and Human Aging: Probiotic and Prebiotic Potentials in Longevity, Skin Health and Cellular Senescence."
exercise,microbiome_host,inferred_from_title_abstract,unclear,"Multifactorial Mechanism of Sarcopenia and Sarcopenic Obesity. Role of Physical Exercise, Microbiota and Myokines."
senolytics,cellular_senescence,inferred_from_title_abstract,cellular,Targeting cellular senescence with senotherapeutics: senolytics and senomorphics.
exercise,unclear,inferred_from_title_abstract,human,"A Review on Aging, Sarcopenia, Falls, and Resistance Training in Community-Dwelling Older Adults."
stem_cell,stem_cell_effects,inferred_from_title_abstract,cellular,Stem cells to reverse aging.
controversial,unclear,inferred_from_title_abstract,cellular,Molecular hallmarks of heterochronic parabiosis at single-cell resolution.
nad_sirtuin,sirtuin_nad,inferred_from_title_abstract,cellular,Restoring nuclear entry of Sirtuin 2 in oligodendrocyte progenitor cells promotes remyelination during ageing.
exercise,unclear,inferred_from_title_abstract,human,[Physical Activity and Mental Health in the Elderly].
fasting,unclear,inferred_from_title_abstract,unclear,"Intermittent and periodic fasting, longevity and disease."
caloric_restriction,unclear,inferred_from_title_abstract,unclear,Dietary restriction and lifespan: adaptive reallocation or somatic sacrifice?
microbiome,microbiome_host,inferred_from_title_abstract,animal,"Fecal microbiota transfer between young and aged mice reverses hallmarks of the aging gut, eye, and brain."
stem_cell,stem_cell_effects,inferred_from_title_abstract,cellular,Heterochronic parabiosis induces stem cell revitalization and systemic rejuvenation across aged tissues.
stem_cell,stem_cell_effects,inferred_from_title_abstract,cellular,Ageing and rejuvenation of tissue stem cells and their niches.
senolytics,cellular_senescence,inferred_from_title_abstract,cellular,Cellular senescence and senolytics: the path to the clinic.
lifestyle_bundle,epigenetic_alterations,inferred_from_title_abstract,unclear,"The epigenetic aging, obesity, and lifestyle."
nad_sirtuin,sirtuin_nad,inferred_from_title_abstract,human,"The efficacy and safety of β-nicotinamide mononucleotide (NMN) supplementation in healthy middle-aged adults: a randomized, multicenter, double-blind, placebo-controlled, parallel-group, dose-dependent clinical trial."
caloric_restriction,unclear,inferred_from_title_abstract,human,Dietary restriction in senolysis and prevention and treatment of disease.
nad_sirtuin,cellular_senescence,inferred_from_title_abstract,cellular,Nicotinamide Mononucleotide Supplementation Improves Mitochondrial Dysfunction and Rescues Cellular Senescence by NAD(+)/Sirt3 Pathway in Mesenchymal Stem Cells.
nad_sirtuin,mitochondrial_function,inferred_from_title_abstract,cellular,Nicotinamide Mononucleotide Supplementation Improves Mitochondrial Dysfunction and Rescues Cellular Senescence by NAD(+)/Sirt3 Pathway in Mesenchymal Stem Cells.
nad_sirtuin,stem_cell_effects,inferred_from_title_abstract,cellular,Nicotinamide Mononucleotide Supplementation Improves Mitochondrial Dysfunction and Rescues Cellular Senescence by NAD(+)/Sirt3 Pathway in Mesenchymal Stem Cells.
nad_sirtuin,sirtuin_nad,inferred_from_title_abstract,cellular,Nicotinamide Mononucleotide Supplementation Improves Mitochondrial Dysfunction and Rescues Cellular Senescence by NAD(+)/Sirt3 Pathway in Mesenchymal Stem Cells.
senolytics,cellular_senescence,inferred_from_title_abstract,unclear,"Senolytic drugs, dasatinib and quercetin, attenuate adipose tissue inflammation, and ameliorate metabolic function in old age."
senolytics,inflammaging,inferred_from_title_abstract,unclear,"Senolytic drugs, dasatinib and quercetin, attenuate adipose tissue inflammation, and ameliorate metabolic function in old age."
controversial,unclear,inferred_from_title_abstract,unclear,Social heterochronic parabiosis.
senolytics,cellular_senescence,inferred_from_title_abstract,animal,Increased cellular senescence in doxorubicin-induced murine ovarian injury: effect of senolytics.
stem_cell,stem_cell_effects,inferred_from_title_abstract,cellular,Harnessing matrix stiffness to engineer a bone marrow niche for hematopoietic stem cell rejuvenation.
rapamycin_mtor,nutrient_sensing,inferred_from_title_abstract,unclear,Cancer prevention with rapamycin.
senolytics,cellular_senescence,inferred_from_title_abstract,animal,Senolytic vaccination improves normal and pathological age-related phenotypes and increases lifespan in progeroid mice.
caloric_restriction,epigenetic_alterations,inferred_from_title_abstract,human,Effect of long-term caloric restriction on DNA methylation measures of biological aging in healthy adults from the CALERIE trial.
controversial,unclear,inferred_from_title_abstract,animal,Heterochronic parabiosis reprograms the mouse brain transcriptome by shifting aging signatures in multiple cell types.
rapamycin_mtor,nutrient_sensing,inferred_from_title_abstract,unclear,Targeting the biology of aging with mTOR inhibitors.
rapamycin_mtor,nutrient_sensing,inferred_from_title_abstract,human,Evaluation of off-label rapamycin use to promote healthspan in 333 adults.
caloric_restriction,unclear,inferred_from_title_abstract,animal,Prolonged fasting times reap greater geroprotective effects when combined with caloric restriction in adult female mice.
nad_sirtuin,sirtuin_nad,inferred_from_title_abstract,unclear,Sirtuin family in autoimmune diseases.
caloric_restriction,unclear,inferred_from_title_abstract,unclear,The Beneficial and Adverse Effects of Autophagic Response to Caloric Restriction and Fasting.
exercise,unclear,inferred_from_title_abstract,unclear,Editorial: Sarcopenia and frailty: the role of physical activity for better aging.
reprogramming,epigenetic_alterations,inferred_from_title_abstract,unclear,"Mechanisms, pathways and strategies for rejuvenation through epigenetic reprogramming."
caloric_restriction,unclear,inferred_from_title_abstract,unclear,Nutrition and dietary restrictions in cancer prevention.
microbiome,microbiome_host,inferred_from_title_abstract,unclear,The influence of the gut microbiome on ovarian aging.
reprogramming,epigenetic_alterations,inferred_from_title_abstract,unclear,Epigenetic reprogramming as a key to reverse ageing and increase longevity.
rapamycin_mtor,nutrient_sensing,inferred_from_title_abstract,human,Targeting ageing with rapamycin and its derivatives in humans: a systematic review.
nad_sirtuin,sirtuin_nad,inferred_from_title_abstract,unclear,Sirtuins in kidney health and disease.
nad_sirtuin,sirtuin_nad,inferred_from_title_abstract,unclear,The therapeutic perspective of NAD(+) precursors in age-related diseases.
fasting,unclear,inferred_from_title_abstract,human,Fasting-mimicking diet causes hepatic and blood markers changes indicating reduced biological age and disease risk.
reprogramming,epigenetic_alterations,inferred_from_title_abstract,animal,Gene Therapy-Mediated Partial Reprogramming Extends Lifespan and Reverses Age-Related Changes in Aged Mice.
microbiome,microbiome_host,inferred_from_title_abstract,human,Effect of gut microbiome modulation on muscle function and cognition: the PROMOTe randomised controlled trial.
fasting,unclear,inferred_from_title_abstract,human,Intermittent fasting and longevity: From animal models to implication for humans.
senolytics,cellular_senescence,inferred_from_title_abstract,cellular,Targeting Cell Senescence and Senolytics: Novel Interventions for Age-Related Endocrine Dysfunction.
microbiome,microbiome_host,inferred_from_title_abstract,unclear,A specific enterotype derived from gut microbiome of older individuals enables favorable responses to immune checkpoint blockade therapy.
stem_cell,stem_cell_effects,inferred_from_title_abstract,cellular,Depleting myeloid-biased haematopoietic stem cells rejuvenates aged immunity.
controversial,mitochondrial_function,inferred_from_title_abstract,cellular,Small extracellular vesicles from young plasma reverse age-related functional declines by improving mitochondrial energy metabolism.
senolytics,cellular_senescence,inferred_from_title_abstract,unclear,Senolytic and senomorphic agent procyanidin C1 alleviates structural and functional decline in the aged retina.
fasting,unclear,inferred_from_title_abstract,unclear,Health Benefits of Intermittent Fasting.
microbiome,microbiome_host,inferred_from_title_abstract,unclear,The Gut and Skin Microbiome and Its Association with Aging Clocks.
exercise,unclear,inferred_from_title_abstract,human,Assessing the Clinical Effectiveness of an Exergame-Based Exercise Training Program Using Ring Fit Adventure to Prevent and Postpone Frailty and Sarcopenia Among Older Adults in Rural Long-Term Care Facilities: Randomized Controlled Trial.
exercise,unclear,inferred_from_title_abstract,unclear,Mitigating disuse-induced skeletal muscle atrophy in ageing: Resistance exercise as a critical countermeasure.
fasting,proteostasis_autophagy,inferred_from_title_abstract,unclear,Spermidine is essential for fasting-mediated autophagy and longevity.
exercise,epigenetic_alterations,inferred_from_title_abstract,human,Physical Activity and Epigenetic Aging in Breast Cancer Treatment.
rapamycin_mtor,proteostasis_autophagy,inferred_from_title_abstract,unclear,A surge in endogenous spermidine is essential for rapamycin-induced autophagy and longevity.
rapamycin_mtor,nutrient_sensing,inferred_from_title_abstract,unclear,A surge in endogenous spermidine is essential for rapamycin-induced autophagy and longevity.
stem_cell,stem_cell_effects,inferred_from_title_abstract,cellular,The role of the haematopoietic stem cell niche in development and ageing.
reprogramming,epigenetic_alterations,inferred_from_title_abstract,animal,Targeted partial reprogramming of age-associated cell states improves markers of health in mouse models of aging.
senolytics,unclear,inferred_from_title_abstract,unclear,Fisetin as a senotherapeutic agent: Evidence and perspectives for age-related diseases.
caloric_restriction,unclear,inferred_from_title_abstract,animal,Dietary restriction impacts health and lifespan of genetically diverse mice.
exercise,unclear,inferred_from_title_abstract,unclear,Diet and exercise in frailty and sarcopenia. Molecular aspects.
microbiome,microbiome_host,inferred_from_title_abstract,human,"Gut microbiome and bone health: update on mechanisms, clinical correlations, and possible treatment strategies."
nad_sirtuin,nutrient_sensing,inferred_from_title_abstract,unclear,Lithocholic acid binds TULP3 to activate sirtuins and AMPK to slow down ageing.
nad_sirtuin,sirtuin_nad,inferred_from_title_abstract,unclear,Lithocholic acid binds TULP3 to activate sirtuins and AMPK to slow down ageing.
exercise,unclear,inferred_from_title_abstract,human,"Obesity and Metabolic Disease Impair the Anabolic Response to Protein Supplementation and Resistance Exercise: A Retrospective Analysis of a Randomized Clinical Trial with Implications for Aging, Sarcopenic Obesity, and Weight Management."
rapamycin_mtor,nutrient_sensing,inferred_from_title_abstract,unclear,Modulating mTOR-dependent astrocyte substate transitions to alleviate neurodegeneration.
senolytics,cellular_senescence,inferred_from_title_abstract,unclear,"Dasatinib and Quercetin Limit Gingival Senescence, Inflammation, and Bone Loss."
senolytics,inflammaging,inferred_from_title_abstract,unclear,"Dasatinib and Quercetin Limit Gingival Senescence, Inflammation, and Bone Loss."
senolytics,cellular_senescence,inferred_from_title_abstract,unclear,The Intersection of Epigenetics and Senolytics in Mechanisms of Aging and Therapeutic Approaches.
senolytics,epigenetic_alterations,inferred_from_title_abstract,unclear,The Intersection of Epigenetics and Senolytics in Mechanisms of Aging and Therapeutic Approaches.
rapamycin_mtor,nutrient_sensing,inferred_from_title_abstract,human,"Test of Rapamycin in Aging Dogs (TRIAD): study design and rationale for a prospective, parallel-group, double-masked, randomized, placebo-controlled, multicenter trial of rapamycin in healthy middle-aged dogs from the Dog Aging Project."
nad_sirtuin,sirtuin_nad,inferred_from_title_abstract,unclear,Roles of Sirtuins in Cardiovascular Diseases: Mechanisms and Therapeutics.
senolytics,cellular_senescence,inferred_from_title_abstract,human,Senolytic treatment for low back pain.
rapamycin_mtor,nutrient_sensing,inferred_from_title_abstract,human,Influence of rapamycin on safety and healthspan metrics after one year: PEARL trial results.
rapamycin_mtor,nutrient_sensing,inferred_from_title_abstract,animal,The geroprotectors trametinib and rapamycin combine additively to extend mouse healthspan and lifespan.
rapamycin_mtor,nutrient_sensing,inferred_from_title_abstract,unclear,YTHDF1 differentiates the contributing roles of mTORC1 in aging.
exercise,unclear,inferred_from_title_abstract,human,Cardiovascular Aging and Exercise: Implications for Heart Failure Prevention and Management.
controversial,unclear,inferred_from_title_abstract,unclear,Heterochronic parabiosis uncovers AdipoR1 as a critical player in retinal rejuvenation.
supplements,unclear,inferred_from_title_abstract,human,Creatine monohydrate supplementation for older adults and clinical populations.
fasting,unclear,inferred_from_title_abstract,human,A Critical Assessment of Fasting to Promote Metabolic Health and Longevity.
reprogramming,epigenetic_alterations,inferred_from_title_abstract,unclear,Prevalent mesenchymal drift in aging and disease is reversed by partial reprogramming.
rapamycin_mtor,cellular_senescence,inferred_from_title_abstract,cellular,mTOR dysregulation induces IL-6 and paracrine AT2 cell senescence impeding lung repair in lymphangioleiomyomatosis.
rapamycin_mtor,inflammaging,inferred_from_title_abstract,cellular,mTOR dysregulation induces IL-6 and paracrine AT2 cell senescence impeding lung repair in lymphangioleiomyomatosis.
rapamycin_mtor,nutrient_sensing,inferred_from_title_abstract,cellular,mTOR dysregulation induces IL-6 and paracrine AT2 cell senescence impeding lung repair in lymphangioleiomyomatosis.
microbiome,microbiome_host,inferred_from_title_abstract,unclear,Aging and the microbiome: implications for health and disease.
caloric_restriction,unclear,inferred_from_title_abstract,unclear,Dietary restriction in aging and longevity.
senolytics,cellular_senescence,inferred_from_title_abstract,animal,Head‐to‐head comparison of two senolytic therapies in a mouse model of tauopathy
lifestyle_bundle,unclear,inferred_from_title_abstract,unclear,Lifestyle factors affecting aging and healthspan in dogs and cats
microbiome,microbiome_host,inferred_from_title_abstract,unclear,Mechanistic Links Between the Gut Microbiome and Longevity Therapeutics
metformin,nutrient_sensing,inferred_from_title_abstract,unclear,"Metformin and epigenetic age in non-diabetic older people with HIV in Madrid (METFORAGING): a double-blind, randomised, placebo-controlled, pilot trial"
metformin,epigenetic_alterations,inferred_from_title_abstract,unclear,"Metformin and epigenetic age in non-diabetic older people with HIV in Madrid (METFORAGING): a double-blind, randomised, placebo-controlled, pilot trial"
metformin,nutrient_sensing,inferred_from_title_abstract,unclear,Metformin for Longevity and Sarcopenia: A Therapeutic Paradox in Aging
exercise,unclear,inferred_from_title_abstract,human,Physical activity attenuates the association between allostatic load and early Alzheimer's disease‐related biomarkers in older adults
exercise,unclear,inferred_from_title_abstract,unclear,"Targeting muscle–vasculature crosstalk in aging through the integrative roles of L-citrulline, leucine, and exercise: focus on muscle metabolism, vascular function, and sarcopenia prevention"
senolytics,cellular_senescence,inferred_from_title_abstract,cellular,The Role of Cellular Senescence and SASP in the Pathogenesis of Atherosclerosis and the Therapeutic Potential of Senolytic Strategies in Cardiovascular Diseases
