title,intervention_classes,outcome_terms,topic_cluster,hype_terms_n,hype_flag,screen_label
Fecal Microbiota Transplantation for Microbiome Modulation: A Clinical View,microbiome,,1,0,False,uncertain
"Parabiosis, Assembloids, Organoids (PAO).",controversial,,0,0,False,uncertain
"A head‐to‐head comparison between senolytic therapies, dasatinib plus quercetin and fisetin, indicates sex‐ and genotype‐specific differences in translationally relevant outcomes",senolytics,,7,0,False,uncertain
Baseline characteristics of the SINgapore GERiatric Intervention Study to Reduce Cognitive Decline and Physical Frailty (SINGER) multidomain dementia prevention randomized controlled trial and insights from the recruitment process.,lifestyle_bundle,frailty,0,0,False,include
"An Updated Review on the Mechanisms, Pre‐Clinical and Clinical Comparisons of Nicotinamide Mononucleotide (NMN) and Nicotinamide Riboside (NR)",nad_sirtuin,,4,0,False,uncertain
Effects of Diactive-1-Supported Progressive Resistance Training on Body Composition in Youth With Type 1 Diabetes.,exercise,,2,0,False,uncertain
"Decision letter for ""Survey on fecal microbiota transplantation and probiotic use in equine practice in France and Belgium""",microbiome,,1,0,False,uncertain
"Review for ""Survey on fecal microbiota transplantation and probiotic use in equine practice in France and Belgium""",microbiome,,1,0,False,uncertain
"Review for ""Survey on fecal microbiota transplantation and probiotic use in equine practice in France and Belgium""",microbiome,,1,0,False,uncertain
"Decision letter for ""Survey on fecal microbiota transplantation and probiotic use in equine practice in France and Belgium""",microbiome,,1,0,False,uncertain
"Review for ""Survey on fecal microbiota transplantation and probiotic use in equine practice in France and Belgium""",microbiome,,1,0,False,uncertain
Diet and Circadian Rhythms: Implications for Aging and Longevity,sleep_circadian,,0,0,False,uncertain
Fasting and Caloric Restriction for Healthy Aging and Longevity,caloric_restriction; fasting,,5,0,False,uncertain
Microbiome and Probiotics for Ischemic Stroke,microbiome,,1,0,False,uncertain
Ageing and Human Gut Microbiome: The Taxonomic and Functional Transition Towards an Elderly-Type Microbiome,microbiome,,1,0,False,uncertain
Ageing of the Gut Microbiome and Its Potential Contribution Towards Immunesenescence and Inflammaging,microbiome,senescence; inflammaging,1,0,False,include
Gut Microbiome and Virome: Anti-Aging Interventions,microbiome,,1,1,True,uncertain
Sleep and Clocks in Aging and Longevity,sleep_circadian,,0,0,False,uncertain
Circadian Rhythms and Time-Restricted Eating in Healthy Aging and Longevity,sleep_circadian,,0,0,False,uncertain
Optimum Sleep for Healthy Ageing,sleep_circadian,,6,0,False,uncertain
"Sleep, Ageing, and Cognitive Decline",sleep_circadian,,6,0,False,uncertain
Fecal Transplant: The Benefits and Harms of Fecal Microbiota Transplantation,microbiome,,1,0,False,uncertain
Caloric Restriction and Biomarkers of Aging,caloric_restriction,,5,0,False,uncertain
Circadian Clocks and mTOR Signaling,sleep_circadian; rapamycin_mtor,,0,0,False,uncertain
Stem Cell Aging: An Overview,stem_cell,,3,0,False,uncertain
Aging of Muscle Stem Cells,stem_cell,,3,0,False,uncertain
Aging of Human Mesenchymal Stem Cells,stem_cell,,3,0,False,uncertain
Aging of the Hematopoietic Stem Cell Niches,stem_cell,,3,0,False,uncertain
Hematopoietic Stem Cell Aging and Leukemogenesis,stem_cell,,3,0,False,uncertain
Closing the Circle: Stem Cell Rejuvenation and Longevity,stem_cell,rejuvenation,3,1,True,uncertain
Aging of Intestinal Stem Cells in Drosophila Melanogaster,stem_cell,,3,0,False,uncertain
Aging of Murine Hematopoietic Stem Cells,stem_cell,,3,0,False,uncertain
Aging of Human Haematopoietic Stem Cells,stem_cell,,3,0,False,uncertain
Aging of Mammalian Intestinal Stem Cells,stem_cell,,3,0,False,uncertain
"History of Caloric Restriction, Aging and Longevity",caloric_restriction,,5,0,False,uncertain
"Caloric Restriction, Fasting, and Antiaging Medicine: Fasting, the Biological Signals of Starvation, and Antiaging",caloric_restriction; fasting,,5,0,False,uncertain
Caloric Restriction and Starvation in Antiaging Medicine: Caloric Restriction Mimetics,caloric_restriction,,5,0,False,uncertain
Physical Activity and Anti-Aging: Prevention of Sarcopenia and Frailty Through Exercise,exercise,frailty,2,1,True,uncertain
Gut Microbiome and Brain Ageing,microbiome,,1,0,False,uncertain
Gut Microbiome and Brain Aging,microbiome,,1,0,False,uncertain
What is the role played by physical activity and exercise in the frailty syndrome? Perspectives for future research,exercise,frailty,6,0,False,uncertain
Probiotic and microbial modulation of polyamine production: an emerging avenue for neuroprotection in neurodegenerative disorders.,microbiome,,0,0,False,uncertain
Rejuvenation of cerebromicrovascular function in aged mice through heterochronic parabiosis: insights into neurovascular coupling and the impact of young blood factors.,controversial,rejuvenation,0,1,True,uncertain
Young blood-mediated cerebromicrovascular rejuvenation through heterochronic parabiosis: enhancing blood-brain barrier integrity and capillarization in the aged mouse brain.,controversial,rejuvenation,0,1,True,uncertain
"Impacts of systemic milieu on cerebrovascular and brain aging: insights from heterochronic parabiosis, blood exchange, and plasma transfer experiments.",controversial,,0,0,False,uncertain
Glucagon receptor signaling is indispensable for the healthspan effects of caloric restriction in aging male mice.,caloric_restriction,healthspan,5,0,False,uncertain
Safety of resistance training in the elderly,exercise,,2,0,False,uncertain
Effects of Resistance Exercise Training on Cognitive Function and Physical Performance in Cognitive Frailty: A Randomized Controlled Trial,exercise,frailty,2,0,False,include
NAD+ Precursors Nicotinamide Mononucleotide (NMN) and Nicotinamide Riboside (NR): Potential Dietary Contribution to Health,nad_sirtuin,,4,0,False,uncertain
Recommendations from the European interdisciplinary council on ageing on physical activity and diet for mental health conditions in older adults.,exercise,,6,0,False,uncertain
Rapamycin (Sirolimus),rapamycin_mtor,,0,0,False,uncertain
Change of the hepatic cells in parabiosis between old and young rats,controversial,,0,0,False,uncertain
Changes in hepatic cell mitochondria during parabiosis between old and young rats,controversial,,0,0,False,uncertain
"Changes with aging, sex and physical exercise in murine natural killer activity and antibody-dependent cellular cytotoxicity",exercise,,6,0,False,uncertain
Influence of physical exercise on aging rats: I. Life-long exercise preserves patterns of spontaneous activity,exercise,,2,0,False,uncertain
Influence of physical exercise on aging rats: II. Life-long exercise delays aging of tail tendon collagen,exercise,,2,0,False,uncertain
"Mammalian Target of Rapamycin (mTOR), Aging, Neuroscience, and Their Association with Aging-Related Diseases",rapamycin_mtor,,0,0,False,uncertain
Fecal Microbiota and Probiotic Yogurt Intake,microbiome,,1,0,False,uncertain
NAD+: a crucial regulator of sirtuin activity in aging,nad_sirtuin,,6,0,False,uncertain
Fecal Microbiome Transplantation: An Offhand Recipe for Microbiome Therapeutics,microbiome,,1,0,False,uncertain
"Senomorphic, senolytic, and rejuvenation therapies",senolytics,rejuvenation,7,1,True,uncertain
Physical activity and health in an ageing workforce,exercise,,6,0,False,uncertain
Mechanisms of the anti-aging action of caloric restriction,caloric_restriction,,5,1,True,uncertain
Evolution of the anti-aging action of caloric restriction,caloric_restriction,,5,1,True,uncertain
Senolytic and senomorphic interventions to defy senescence-associated mitochondrial dysfunction,senolytics,senescence,7,0,False,uncertain
Diet quality and nutritional adequacy during a 2-year calorie restriction intervention: the Comprehensive Assessment of Long-Term Effects of Reducing Intake of Energy 2 trial.,caloric_restriction,,0,0,False,uncertain
Unraveling the meta-hallmarks between senescent and tumor cells: A new perspective for senolytic drug discovery.,senolytics,,7,0,False,uncertain
Caloric restriction and intermittent fasting: Two potential diets for successful brain aging,caloric_restriction; fasting,,5,0,False,uncertain
Telomerase activation: A potential key modulator for human healthspan and longevity,controversial,healthspan,0,0,False,uncertain
Dietary restriction and lifespan: Lessons from invertebrate models,caloric_restriction,lifespan,5,0,False,uncertain
The Role of Rapamycin in Healthspan Extension via the Delay of Organ Aging,rapamycin_mtor,healthspan,6,0,False,uncertain
Exercise interventions to improve physical frailty and physical frailty components in older adults with hypertension: A systematic review,exercise,frailty,2,0,False,uncertain
Comparison of anti-aging effect of PQQ (Pyrroloquinoline quinone) and NMN/NR (Nicotinamide mononucleotide /Nicotinamide riboside) – possible combination use,nad_sirtuin,,4,1,True,uncertain
The epigenetic rejuvenation promise: Partial reprogramming as a therapeutic strategy for aging and disease.,reprogramming,rejuvenation,0,1,True,uncertain
Senolytic cocktail dasatinib+quercetin (D+Q) ameliorate irradiation-induced bone loss in mice through inhibiting osteocyte senescence and SASP,senolytics,senescence,7,0,False,uncertain
"Aging, Rejuvenation, and Epigenetic Reprogramming: Resetting the Aging Clock",reprogramming,rejuvenation,0,1,True,uncertain
Prevalent mesenchymal drift in aging and disease is reversed by partial reprogramming.,reprogramming,,0,1,True,uncertain
Circadian rhythm disruption impairs ovarian follicular development via NAD&lt;sup&gt;+&lt;/sup&gt; metabolic reprogramming.,sleep_circadian; nad_sirtuin,,0,0,False,uncertain
Fasting or caloric restriction for Healthy Aging,caloric_restriction; fasting,,5,0,False,uncertain
Fecal microbiota transplantation for antibiotic resistant bacteria decolonization,microbiome,,1,0,False,uncertain
Senolytic Cocktail Dasatinib Plus Quercetin Enhances the Antitumor Effect of Senescence-Inducing Radiotherapy in a Preclinical Model of Melanoma,senolytics,senescence,7,0,False,uncertain
The NAD-brain pharmacokinetic study of NAD augmentation in blood and brain using oral precursor supplementation.,nad_sirtuin; supplements,,0,0,False,uncertain
Probiotic potential of Parabacteroides johnsonii in mitigating age-related ovarian functional decline.,microbiome,,7,0,False,uncertain
Interaction between physical activity and deficit-based frailty on all-cause mortality in older adults: a prospective study of five population-based cohorts.,exercise,mortality; frailty,2,0,False,include
Muscle stem cell aging: identifying ways to induce tissue rejuvenation,stem_cell,rejuvenation,3,1,True,uncertain
The mitochondrial metabolic checkpoint in stem cell aging and rejuvenation,stem_cell,rejuvenation,3,1,True,uncertain
Towards personalized nicotinamide mononucleotide (NMN) supplementation: Nicotinamide adenine dinucleotide (NAD) concentration,nad_sirtuin; supplements,,4,0,False,uncertain
Metformin-induced longevity is associated with retrotransposon dynamics in yeast chronological aging,metformin,,0,0,False,uncertain
Senolytic combination of dasatinib and quercetin attenuates renal damage in diabetic kidney disease,senolytics,,7,0,False,uncertain
Research of <i>in vivo</i> reprogramming toward clinical applications in regenerative medicine: A concise review.,stem_cell,,0,0,False,uncertain
Two decades of induced pluripotent stem cell research: From discovery to diverse applications.,stem_cell,,3,0,False,uncertain
"Environmental, infrastructural, and social drivers of physical activity in aging cities",exercise,,6,0,False,uncertain
Impacts of sarcopenia and resistance exercise training on mitochondrial quality control proteins,exercise,,2,0,False,uncertain
From wrinkles to malignancy: small-molecule-mediated stem cell approaches in skin aging.,stem_cell,,3,0,False,uncertain
Mo1818 Effect of Aging on the Fecal Microbiome in Healthy Donors for Fecal Microbiota Transplant,microbiome,,1,0,False,uncertain
"Proteolysis, caloric restriction and aging",caloric_restriction,,5,0,False,uncertain
Caloric restriction and lifespan: a role for protein turnover?,caloric_restriction,lifespan,5,0,False,uncertain
Cellular and molecular mechanisms whereby dietary restriction extends healthspan: a beneficial type of stress,caloric_restriction,healthspan,5,0,False,uncertain
"Endogenous oxidative stress: relationship to aging, longevity and caloric restriction",caloric_restriction,,5,0,False,uncertain
Selective Assembly between Cu2+ and Nicotinamide Mononucleotide (NMN),nad_sirtuin,,4,0,False,uncertain
Design and Synthesis of Senescence-Targeted Prodrugs with Senomorphic and Senolytic Properties To Mitigate Chemotherapy-Induced Kidney Injury,senolytics,senescence,7,0,False,uncertain
Design and Synthesis of Senescence-Targeted Prodrugs with Senomorphic and Senolytic Properties To Mitigate Chemotherapy-Induced Kidney Injury,senolytics,senescence,7,0,False,uncertain
"Nicotinamide riboside, an NAD+ precursor, attenuates inflammation and oxidative stress by activating sirtuin 1 in alcohol-stimulated macrophages",nad_sirtuin,,4,0,False,uncertain
Nicotinamide phosphoribosyltransferase in NAD&lt;sup&gt;+&lt;/sup&gt; metabolism: physiological and pathophysiological implications.,nad_sirtuin,,0,0,False,uncertain
Early-life exercise extends healthspan but not lifespan in mice.,exercise,lifespan; healthspan,6,0,False,include
Single-cell profiling unveils a geroprotective role of Procyanidin C1 in hematopoietic immune system via senolytic and senomorphic effects,senolytics,,7,0,False,uncertain
"Probiotic Lactiplantibacillus plantarum OL3246 supports healthy aging by enhancing quality of life, reducing inflammation, and modulating gut microbiota: a pilot study.",microbiome,,0,0,False,uncertain
Dasatinib plus quercetin attenuates some frailty characteristics in SAMP10 mice,senolytics,frailty,7,0,False,uncertain
Effect of preoperative rapamycin supplementation on perioperative clinical frailty and cognitive performance in a murine model undergoing anesthesia and surgery.,rapamycin_mtor; supplements,frailty,0,0,False,include
Promoting healthspan and lifespan with caloric restriction in primates,caloric_restriction,lifespan; healthspan,5,0,False,include
"Decoding ageing: Handan Melike Dönertaş on microbiomes, AI and improving lifespan and healthspan",microbiome,lifespan; healthspan,6,0,False,include
NAD&lt;sup&gt;+&lt;/sup&gt; controls circadian rhythmicity during cardiac aging.,sleep_circadian; nad_sirtuin,,0,0,False,uncertain
Isoleucine dietary restriction boosts healthspan and longevity in mice,caloric_restriction,healthspan,5,0,False,uncertain
Dietary restriction in aging and longevity.,caloric_restriction,,5,0,False,uncertain
Bisdemethoxycurcumin extends lifespan and healthspan in &lt;i&gt;Caenorhabditis elegans via&lt;/i&gt; modulation of EGFR-linked signaling pathways.,supplements,lifespan; healthspan,0,0,False,include
Physical Exercise Toughens,exercise,,2,0,False,uncertain
On the Nonspecific Degradation of NAD+ to Nicotinamide Riboside,nad_sirtuin,,4,0,False,uncertain
Determination of NAD+ precursors nicotinamide mononucleotide (NMN) and nicotinamide riboside (NR) in plant foods: exploring dietary sources,nad_sirtuin,,4,0,False,uncertain
The role of gut microbiome in aging-associated diseases: where do we stand now and how technology will transform the future.,microbiome,,1,0,False,uncertain
Circadian synchronization between diet and gut microbiota in modulating host's health.,sleep_circadian,,1,0,False,uncertain
Function of NAD metabolism in white adipose tissue: lessons from mouse models.,nad_sirtuin,,0,0,False,uncertain
Recombinant Human Erythropoietin Plays a Pivotal Role As a Topical Stem Cell Activator to Reverse Effects of Damage to the Skin in Aging and Trauma,stem_cell,,3,1,True,uncertain
Accelerated Aging versus Rejuvenation of the Immune System in Heterochronic Parabiosis,controversial,rejuvenation,0,1,True,uncertain
Resveratrol Up-Regulates the Erythrocyte Plasma Membrane Redox System and Mitigates Oxidation-Induced Alterations in Erythrocytes During Aging in Humans,supplements,,0,0,False,uncertain
The Plasma NAD <sup>+</sup> Metabolome Is Dysregulated in “Normal” Aging,nad_sirtuin,,0,0,False,uncertain
How Could We Slow or Reverse the Human Aging Process and Extend the Healthy Life Span with Heterochronous Autologous Hematopoietic Stem Cell Transplantation,stem_cell,,3,1,True,uncertain
"Three-Month Heterochronic Parabiosis Has a Deleterious Effect on the Lifespan of Young Animals, Without a Positive Effect for Old Animals",controversial,lifespan,0,0,False,uncertain
Genetic regulation of fasting-induced longevity effects.,fasting,,0,0,False,uncertain
"Young Plasma Rejuvenates Blood DNA Methylation Profile, Extends Mean Lifespan, and Improves Physical Appearance in Old Rats.",controversial,lifespan,6,1,True,uncertain
"Caloric restriction and time-restricted eating in older adults with overweight or obesity: The Health, Aging, and Later-Life Outcomes Pilot Study.",caloric_restriction,,2,0,False,uncertain
"MITOCHONDRIAL METABOLIC CHECKPOINT, STEM CELL AGING AND REJUVENATION",stem_cell,rejuvenation,3,1,True,uncertain
CALORIC RESTRICTION AND AGING: FROM CALORIES TO FASTING Times,caloric_restriction; fasting,,5,0,False,uncertain
DIETARY RESTRICTION OF ISOLEUCINE INCREASES THE HEALTHSPAN AND LIFESPAN OF GENETICALLY HETEROGENEOUS MICE,caloric_restriction,lifespan; healthspan,5,0,False,include
HARNESSING PROTEIN INTAKE AND MICROBIOME INTERACTIONS TO IMPROVE HEALTHSPAN,microbiome,healthspan,6,0,False,uncertain
MOLECULAR MECHANISM OF LIFESPAN EXTENSION BY CALORIC RESTRICTION,caloric_restriction,lifespan,5,0,False,uncertain
P–230 The NAD+ precursor nicotinamide riboside protects against postovulatary aging in vitro,nad_sirtuin,,4,0,False,uncertain
Hydroxyapatite-based nano-drug delivery system for nicotinamide mononucleotide (NMN): significantly enhancing NMN bioavailability and replenishing <i>in vivo</i> nicotinamide adenine dinucleotide (NAD+) levels,nad_sirtuin,,4,0,False,uncertain
"Keeping up with the nicotinamides: NADP(H), the forgotten circadian cofactor that keeps metabolic time.",sleep_circadian; nad_sirtuin,,0,0,False,uncertain
Caloric Restriction and Maximum Lifespan,caloric_restriction,lifespan,5,0,False,uncertain
Sirolimus and Mimetics: Modulator Sine Qua Non for Cardiac Xenotransplantation?,rapamycin_mtor,,0,0,False,uncertain
Dynamical Systems Models for Plasma Dilution,controversial,,0,0,False,uncertain
Dietary change without caloric restriction maintains a youthful profile in ageing yeast,caloric_restriction,,5,0,False,uncertain
"Exploring the effects of Dasatinib, Quercetin, and Fisetin on DNA methylation clocks: a longitudinal study on senolytic interventions",senolytics,,7,0,False,uncertain
Towards personalized nicotinamide mononucleotide (NMN) supplementation: nicotinamide adenine dinucleotide (NAD) concentration,nad_sirtuin; supplements,,4,0,False,uncertain
Senolytic therapy combining Dasatinib and Quercetin restores the chondrogenic phenotype of human osteoarthritic chondrocytes by promoting the release of pro-anabolic mediators,senolytics,,7,0,False,uncertain
In vitro heterochronic parabiosis identifies pigment epithelium-derived factor as a systemic mediator of rejuvenation by young blood,controversial,rejuvenation,0,1,True,uncertain
Dietary restriction promotes neuronal resilience via ADIOL,caloric_restriction,,5,0,False,uncertain
Metformin treatment of diverse Caenorhabditis species reveals the importance of genetic background in longevity and healthspan extension outcomes,metformin,healthspan,6,0,False,uncertain
"Corrigendum to: Anti‐aging pharmacology in cutaneous wound healing: Effects of metformin, resveratrol, and rapamycin by local application",metformin; rapamycin_mtor; supplements,,0,0,False,uncertain
Nicotinamide riboside and caffeine partially restore diminished NAD availability but not altered energy metabolism in Alzheimer's disease,nad_sirtuin,,4,0,False,uncertain
"Senolytic drugs, dasatinib and quercetin, attenuate adipose tissue inflammation, and ameliorate metabolic function in old age",senolytics,,7,0,False,uncertain
Senolytic therapy combining Dasatinib and Quercetin restores the chondrogenic phenotype of human osteoarthritic chondrocytes by the release of pro‐anabolic mediators,senolytics,,7,0,False,uncertain
Nicotinamide Riboside Supplementation Alleviates Testicular Aging Induced by Disruption of Qprt‐Dependent <scp>NAD</scp><sup>+</sup> De Novo Synthesis in Mice,nad_sirtuin; supplements,,4,0,False,uncertain
"Rapamycin, Not Metformin, Mirrors Dietary Restriction-Driven Lifespan Extension in Vertebrates: A Meta-Analysis.",caloric_restriction; metformin; rapamycin_mtor,lifespan,5,0,False,include
An Ad Libitum-Fed Diet That Matches the Beneficial Lifespan Effects of Caloric Restriction but Acts via Opposite Effects on the Energy-Splicing Axis.,caloric_restriction,lifespan,5,0,False,uncertain
"Senolytic Treatment With Dasatinib and Quercetin Reshapes Influenza‐Specific <scp>CD8</scp> T Cell Responses During Infection in Aged, Vaccinated Mice",senolytics,,7,0,False,uncertain
Rapamycin Exerts Its Geroprotective Effects in the Ageing Human Immune System by Enhancing Resilience Against DNA Damage.,rapamycin_mtor,,0,0,False,uncertain
Fasting as Medicine: Mitochondrial and Endothelial Rejuvenation in Vascular Aging.,fasting,rejuvenation,0,1,True,uncertain
A Multidomain Lifestyle Intervention Is Associated With Improved Functional Trajectories and Favorable Changes in Epigenetic Aging Markers in Frail Older Adults: A Randomized Controlled Trial.,lifestyle_bundle,,0,0,False,uncertain
DNA Methylation Signatures of Cellular Senescence Are Not Reversed by Senolytic Treatment.,senolytics,senescence,7,1,True,uncertain
"Review for ""Caloric restriction extends lifespan in a clonal plant""",caloric_restriction,lifespan,5,0,False,uncertain
"Review for ""Caloric restriction extends lifespan in a clonal plant""",caloric_restriction,lifespan,5,0,False,uncertain
"Review for ""Caloric restriction extends lifespan in a clonal plant""",caloric_restriction,lifespan,5,0,False,uncertain
"Review for ""Caloric restriction extends lifespan in a clonal plant""",caloric_restriction,lifespan,5,0,False,uncertain
"Review for ""Caloric restriction extends lifespan in a clonal plant""",caloric_restriction,lifespan,5,0,False,uncertain
"Review for ""Caloric restriction extends lifespan in a clonal plant""",caloric_restriction,lifespan,5,0,False,uncertain
A review of skin microbiome and new challenges to cosmetic microbiome-friendly formulations.,microbiome,,1,0,False,uncertain
Advances in Longevity: The Intersection of Regenerative Medicine and Cosmetic Dermatology.,stem_cell,,0,0,False,uncertain
"Impacts of exercise, renin-angiotensin system modulation or both on skeletal muscle circadian gene expression.",exercise; sleep_circadian,,0,0,False,uncertain
Erratum. Effects of Dancing Associated With Resistance Training on Functional Parameters and Quality of Life of Aging Women: A Randomized Controlled Trial,exercise,,0,0,False,uncertain
Effects of Prolonged Hypertrophic Resistance Training on Acute Endocrine Responses in Young and Older Men,exercise,,2,0,False,uncertain
Exercise Training for Older Adults with Limitations in Physical Function,exercise,,2,0,False,uncertain
J012 NAD-HD: a randomized clinical trial of nicotinamide riboside in Huntington’s disease,nad_sirtuin,,4,0,False,uncertain
Can Short-Term Dietary Restriction and Fasting Have a Long-Term Anticarcinogenic Effect?,caloric_restriction; fasting,,5,0,False,uncertain
Senolytic Combination of Dasatinib and Quercetin Promotes Tendon-to-Bone Healing by Mitigating Age-Related Senescence in Rats,senolytics,senescence,7,0,False,uncertain
A phase II randomized placebo-controlled study of fisetin to improve physical function in breast cancer survivors: the TROFFi study rationale and trial design.,senolytics,,0,0,False,uncertain
The senolytic effect of Dasatinib and Quercetin on cellular senescence in COPD in vitro and in vivo models,senolytics,senescence,7,0,False,uncertain
"Rejuvenation of airway basal stem cells by partial chemical reprogramming Mengyu Zou1, Qiaoyu Chen1, Ying Hua1, Wei Zuo1,2* 1Tongji Stem Cell Center, Tongji University, Shanghai, China 2Kiangnan Institute of Stem Cell, Hangzhou, China",stem_cell,rejuvenation,3,1,True,uncertain
Ageing and exercise: building body capital in old age,exercise,,6,0,False,uncertain
High-speed resistance training vs. low-speed resistance training on body composition and physical function in adults with sarcopenic obesity,exercise,,2,0,False,uncertain
Viability of an educational program for lifestyle changes and an algorithm for the derivation of exercise programs in older people at risk of dependency at primary care: PRICA-POWFRAIL study protocol.,exercise; lifestyle_bundle,,2,0,False,uncertain
Senogenic-senolytic treatment strategies enhance tumor control and can improve survival in murine cancer models: a systematic review.,senolytics,survival,7,0,False,uncertain
From dysbiosis to longevity: a narrative review into the gut microbiome's impact on aging.,microbiome,,1,0,False,uncertain
The impacts of different dietary restriction regimens on aging and longevity: from yeast to humans.,caloric_restriction,,5,0,False,uncertain
Targeting PURPL RNA enabled rejuvenation of senescence cells via epigenetic reprogramming.,reprogramming,senescence; rejuvenation,0,1,True,include
"""Immunopause"" no more: exercise to counter immunosenescence in aging.",exercise,senescence,2,0,False,uncertain
Targeting the microbiome: from probiotics to fecal microbiota transplantation,microbiome,,1,0,False,uncertain
Rejuvenation of mesenchymal stromal cells via partial reprogramming enables scalable generation of transcriptionally diverse MSC libraries.,reprogramming,rejuvenation,0,1,True,uncertain
Sex-dependent locus coeruleus vulnerability in Alzheimer's disease: gut dysbiosis as a driver and probiotic intervention as rescue.,microbiome,,1,0,False,uncertain
Fecal microbiota transplantation modulates jejunal host-microbiota interface in weanling piglets,microbiome,,1,0,False,uncertain
Dynamics of gut bacteriophage in diversity outbred mice studied over lifespan and during extreme caloric restriction.,caloric_restriction,lifespan,5,0,False,uncertain
The fecal microbiota of wild and captive raptors,microbiome,,1,0,False,uncertain
Fecal microbiota transplantation in pigs: current status and future perspective,microbiome,,1,0,False,uncertain
A Critical Assessment of Fasting to Promote Metabolic Health and Longevity.,fasting,,0,0,False,uncertain
Age reprogramming: cell rejuvenation by partial reprogramming,reprogramming,rejuvenation,0,1,True,uncertain
"Longitudinal Bidirectional Associations between Physical Activity and Cognitive Ability in Older Adults across the United Kingdom, United States, and China.",exercise,,2,0,False,uncertain
Dietary restriction with and without caloric restriction for healthy aging,caloric_restriction,,5,0,False,uncertain
Reducing frailty in frail people with multiple sclerosis: Feasibility of a 6-week multimodal exercise training program.,exercise,frailty,2,0,False,include
"ASSOCIATION BETWEEN BERG BALANCE, PHYSIOLOGICAL PROFILE ASSESSMENT AND PHYSICAL ACTIVITY, PHYSICAL FUNCTION AND BODY COMPOSITION: A CROSS-SECTIONAL STUDY",exercise,,2,0,False,uncertain
"CHANGES OF BODY COMPOSITION, MUSCULAR STRENGTH AND PHYSICAL PERFORMANCE DUE TO RESISTANCE TRAINING IN OLDER PERSONS WITH SARCOPENIC OBESITY",exercise,,2,0,False,uncertain
EXERCISE: AN IMPORTANT KEY TO PREVENT PHYSICAL AND COGNITIVE FRAILTY,exercise,frailty,2,0,False,uncertain
RESISTANCE TRAINING AND CO-SUPPLEMENTATION WITH CREATINE AND PROTEIN IN OLDER SUBJECTS WITH FRAILTY,exercise; supplements,frailty,2,0,False,include
EXERCISE INTERVENTIONS FOR PRESERVING PHYSICAL FUNCTION AMONG CANCER SURVIVORS IN MIDDLE TO LATE LIFE,exercise,,2,0,False,uncertain
Educating Medical Students in Counselling Older Adults about Exercise: The Impact of a Physical Activity Module,exercise,,2,0,False,uncertain
The Sustained Impact of a Medical School-Based Physical Activity Module on Interns' Perceived Competence in Advising Older Adults About Exercise,exercise,,2,0,False,uncertain
"Multi-Component Exercise with High-Intensity, Free-Weight, Functional Resistance Training in Pre-Frail Females: A Quasi-Experimental, Pilot Study",exercise,,2,0,False,uncertain
Young Plasma Attenuated Chronic Kidney Disease Progression after Acute Kidney Injury by Inhibiting Inflammation in Mice,controversial,,0,1,True,uncertain
"Targeting Cellular Senescence in Aging and Age-Related Diseases: Challenges, Considerations, and the Emerging Role of Senolytic and Senomorphic Therapies",senolytics,senescence,7,0,False,uncertain
Fecal Microbiota Transplantation Attenuates Frailty via Gut-Muscle Axis in Old Mice,microbiome,frailty,1,0,False,uncertain
Fecal Microbiota Transfer from Young Mice Reverts Vascular Aging Hallmarks and Metabolic Impairments in Aged Mice,microbiome,,0,0,False,uncertain
The Impact of Young and/or Exercised Plasma Transfusions in Neurodegenerative Conditions: A Scoping Review,exercise,,0,0,False,uncertain
Prolonged Mild Sleep Restriction Changes Epigenome-Wide DNA Methylation in Peripheral Blood Cells: A Randomized Crossover Trial.,sleep_circadian,,0,0,False,uncertain
RISING STARS: Targeting premature cellular senescence using senomorphic or senolytic agents to impact diabetes,senolytics,senescence,7,0,False,uncertain
"Effects of Physical Activity, Exercise Training and Physical Fitness on Telomere Length as Biomarker of Cell Aging",exercise,,2,0,False,uncertain
Once again on rapamycin-induced insulin resistance and longevity: despite of or owing to,rapamycin_mtor,,0,0,False,uncertain
Rapamycin as longevity enhancer and cancer preventative agent in the context of p53 deficiency,rapamycin_mtor,,0,0,False,uncertain
"Metformin and rapamycin are master-keys for understanding the relationship between cell senescent, aging and cancer",metformin; rapamycin_mtor,,0,0,False,uncertain
Rapamycin for longevity: opinion article,rapamycin_mtor,,0,0,False,uncertain
Fasting for stem cell rejuvenation,fasting; stem_cell,rejuvenation,3,1,True,include
Evaluation of the effect of age of the younger mice on the rejuvenation of the older mice by heterochronic parabiosis,controversial,rejuvenation,0,1,True,uncertain
Towards disease-oriented dosing of rapamycin for longevity: does aging exist or only age-related diseases?,rapamycin_mtor,,0,0,False,uncertain
"Exploring the effects of Dasatinib, Quercetin, and Fisetin on DNA methylation clocks: a longitudinal study on senolytic interventions",senolytics,,7,0,False,uncertain
What is the clinical evidence to support off-label rapamycin therapy in healthy adults?,rapamycin_mtor,,0,0,False,uncertain
Exploring Senolytic and Senomorphic Properties of Medicinal Plants for Anti-Aging Therapies,senolytics,,7,1,True,uncertain
"Heterogeneity of Cellular Senescence, Senotyping, and Targeting by Senolytics and Senomorphics in Lung Diseases",senolytics,senescence,0,0,False,uncertain
"Rescuing Healthspan in Obese, Aged Mice: A Comparison between Multi-Ingredient Nutraceuticals and Senolytic Interventions",senolytics,healthspan,7,0,False,uncertain
Long-term treatment with senolytic drugs Dasatinib and Quercetin ameliorates age-dependent intervertebral disc degeneration in mice,senolytics,,7,0,False,uncertain
"Young to aged fecal microbiota transfer reverses hallmarks of the aging gut, eye, and brain",microbiome,,1,1,True,uncertain
Nicotinamide mononucleotide ameliorates adriamycin-induced renal damage by epigenetically suppressing the NMN/NAD consumers mediated by Twist2,nad_sirtuin,,4,0,False,uncertain
Dasatinib and quercetin senolytic treatment delays early onset intervertebral disc degeneration in SM/J mice,senolytics,,7,0,False,uncertain
Modulating SASP-Driven Paracrine Effects to Overcome Therapy-Induced Senescence: Senolytic Role of Hesperidin and Quercetin in A549 Lung Cancer Cells,senolytics,senescence,7,0,False,uncertain
The gut–brain axis in neurodegenerative disorders: Evaluating the therapeutic potential of probiotic and fecal microbiota transplantation,microbiome,,1,0,False,uncertain
Systemic Metabolic Bottlenecks as Constraints on Exercise Responsiveness and Functional Healthspan During Aging,exercise,healthspan,6,0,False,uncertain
Gut microbiome composition after multi-donor fecal microbiota transplantation for obesity,microbiome,,1,0,False,uncertain
Poly-L-Lactic Acid in Facial Rejuvenation: Volumetric Data Supporting Regenerative Outcomes.,stem_cell,rejuvenation,0,1,True,uncertain
Targeting Cellular Senescence for Healthy Aging: Advances in Senolytics and Senomorphics.,senolytics,senescence,0,0,False,uncertain
Targeting Cellular Senescence: Therapeutic Advances in Senolytic and Senomorphic Interventions for Age-Related Pathologies,senolytics,senescence,7,0,False,uncertain
"Nicotinamide Adenine Dinucleotide (NAD)-Dependent Protein Deacetylase, Sirtuin, as a Biomarker of Healthy Life Expectancy: A Mini- Review",nad_sirtuin,,4,0,False,uncertain
Crystal structure of human nicotinamide riboside kinase (NRK1) in complex with nicotinamide mononucleotide (NMN),nad_sirtuin,,4,0,False,uncertain
Mechanisms under Metformin and Rapamycin as Anti-aging Drugs,metformin; rapamycin_mtor,,0,1,True,uncertain
SENOLYTIC COMBINATION OF DASATINIB AND QUERCETIN: A REVIEW OF PRECLINICAL AND CLINICAL STUDIES,senolytics,,7,0,False,uncertain
Nicotinamide Riboside Chloride,nad_sirtuin,,4,0,False,uncertain
Nicotinamide Riboside Chloride,nad_sirtuin,,4,0,False,uncertain
Nicotinamide Riboside and NAD+ Decline: Hype vs. Evidence,nad_sirtuin,,4,0,False,uncertain
Can Stem Cells Reverse Aging?,stem_cell,,3,1,True,uncertain
Fecal microbiota transplantation and gut microbiome effects on psychiatric illnesses,microbiome,,1,0,False,uncertain
Dietary Strategies for Healthy Aging – Caloric Restriction and Beyond,caloric_restriction,,5,0,False,uncertain
Redox regulation in aging muscles: exercise as a key modulator to combat sarcopenia and frailty.,exercise,frailty,2,0,False,uncertain
Molecular mechanisms underlying the lifespan and healthspan benefits of dietary restriction across species.,caloric_restriction,lifespan; healthspan,5,0,False,include
Biohacking the human gut microbiome for precision health and therapeutic innovation.,microbiome,,1,0,False,uncertain
Examination of shared gut microbiome signatures in aging and Parkinson's disease.,microbiome,,1,0,False,uncertain
Epigenetic and microbiome responses to greens supplementation in obese older adults: results from a randomized crossover-controlled trial.,microbiome; supplements,,0,0,False,uncertain
Exercise and nutrition as epigenetic regulators of gene expression: an exploratory scoping review with bibliometric analysis.,exercise,,6,0,False,uncertain
Senolytic Cocktail Dasatinib+Quercetin (D+Q) Does Not Enhance the Efficacy of Senescence-Inducing Chemotherapy in Liver Cancer,senolytics,senescence,7,0,False,uncertain
Research advances in exercise management for frail older adults.,exercise,,2,0,False,uncertain
Editorial: Integrated strategies for lifelong health: multidimensional approaches to aging and lifestyle interventions.,lifestyle_bundle,,0,0,False,uncertain
Senolytic treatment with dasatinib and quercetin does not improve overall influenza responses in aged mice,senolytics,,7,0,False,uncertain
"Rapamycin for longevity: the pros, the cons, and future perspectives.",rapamycin_mtor,,0,0,False,uncertain
Editorial: Spotlight on aging: role of exercise and nutrition in healthy longevity.,exercise,,6,0,False,uncertain
Intravenous infusion of nicotinamide adenine dinucleotide (NAD+) versus nicotinamide riboside (NR): a retrospective tolerability pilot study in a real-world setting,nad_sirtuin,,4,0,False,uncertain
Effects of exercise training on frail older adults with heart failure: a systematic-review.,exercise,,2,0,False,uncertain
Practical guidelines for exercise prescription in different clinical populations.,exercise,,2,0,False,uncertain
"Dynamic Oxidative States: Interplay of Aging, Metabolic Stress, and Circadian Rhythms in Modulating Stroke Severity.",sleep_circadian,,0,0,False,uncertain
"Nicotinamide, Nicotinamide Riboside and Nicotinic Acid—Emerging Roles in Replicative and Chronological Aging in Yeast",nad_sirtuin,,4,0,False,uncertain
"Enzymatic and Chemical Syntheses of Vacor Analogs of Nicotinamide Riboside, NMN and NAD",nad_sirtuin,,4,0,False,uncertain
Pathobiochemistry of Aging and Neurodegeneration: Deregulation of NAD+ Metabolism in Brain Cells.,nad_sirtuin,,0,0,False,uncertain
Mechanistic Links Between the Gut Microbiome and Longevity Therapeutics.,microbiome,,1,0,False,uncertain
Metformin for Longevity and Sarcopenia: A Therapeutic Paradox in Aging.,metformin,,0,0,False,uncertain
Rejuvenated Autologous Adult Stem Cells: Emerging Front Runners in the Fight Against Aging and Associated Diseases.,stem_cell,,3,0,False,uncertain
Partial Reprogramming Is Conserved from Insect to Mammal.,reprogramming,,0,0,False,uncertain
Exploring Senolytic and Senomorphic Properties of Medicinal Plants for Anti-Aging Therapies,senolytics,,7,1,True,uncertain
Targeting Cellular Senescence with Liposome-Encapsulated Fisetin: Evidence of Senomorphic Effect,senolytics,senescence,7,0,False,uncertain
"Heterogeneity of Cellular Senescence, Senotyping, and Targeting by Senolytics and Senomorphics in Lung Diseases.",senolytics,senescence,0,0,False,uncertain
Probiotic Modulation in Aging: Strain-Specific Geroprotective Effects in &lt;i&gt;Caenorhabditis elegans&lt;/i&gt;.,microbiome,,0,0,False,uncertain
Senolytic Treatment Improves Responsiveness to Mechanical Loading in the Skeleton of Aged Mice.,senolytics,,7,0,False,uncertain
Momordica charantia Extract Treatment Extends the Healthy Lifespan of Aging Mice via the Bitter Taste Receptor/mTOR Pathway,rapamycin_mtor,lifespan,6,0,False,uncertain
Metformin Regulation of the Liver Circadian Clock and Metabolic Aging: A Systems Modeling Study.,sleep_circadian; metformin,,0,0,False,uncertain
The Molecular Exposome of Visible Age Reversal: From Organ-Skin Axes to Regenerative Aesthetics.,stem_cell,,0,1,True,uncertain
Nicotinamide Riboside and Dihydronicotinic Acid Riboside Synergistically Increase Intracellular NAD+ by Generating Dihydronicotinamide Riboside,nad_sirtuin,,4,0,False,uncertain
Vitamin B3 Ameliorates Sleep Duration and Quality in Clinical and Pre-Clinical Studies.,sleep_circadian,,0,0,False,uncertain
"Endocrine Adaptations to Prolonged Fasting: From Physiology, Clinical Uncertainties, Translational Challenges to Healthspan Implications.",fasting,healthspan,6,0,False,uncertain
"Beneficial Effects of Fisetin, a Senotherapeutic Compound, in Women's Reproductive Health and Diseases: Evidence from In Vitro to Clinical Studies.",senolytics,,0,0,False,uncertain
"How We Sleep, How We Move, How Long We Expect to Live: An Integrative Review of Lifestyle Behaviors and Subjective Life Expectancy.",sleep_circadian; lifestyle_bundle,,0,0,False,uncertain
From Lifespan to Healthspan: Integrating Nutrition and Physical Activity in Healthy Ageing.,exercise,lifespan; healthspan,6,0,False,include
"Diet, the Gut Microbiome, and Estrogen Physiology: A Review in Menopausal Health and Interventions.",microbiome,,1,0,False,uncertain
A Narrative Review of Nicotinamide Adenine Dinucleotide (NAD)+ Intermediates Nicotinamide Riboside and Nicotinamide Mononucleotide for Keratinocyte Carcinoma Risk Reduction,nad_sirtuin,,4,0,False,uncertain
"Gut Microbiota, Probiotics, and Aging: Molecular Mechanisms and Implications for Healthy Aging.",microbiome,,1,0,False,uncertain
Senolytic effect of dasatinib and quercetin on human beings,senolytics,,7,0,False,uncertain
Caloric Restriction,caloric_restriction,,5,0,False,uncertain
Nicotinamide mononucleotide attenuates hepatic endoplasmic reticulum stress and modulates circadian rhythms in young mice with diet-induced obesity.,sleep_circadian,,4,0,False,uncertain
Resistance Training and Frail Adults,exercise,,2,0,False,uncertain
"Aging, health, and physical activity in Iran",exercise,,6,0,False,uncertain
"Education, physical activity, and healthy aging in Italy",exercise,,6,0,False,uncertain
Healthy aging in Cuba through physical activity,exercise,,6,0,False,uncertain
Physical and cognitive exercise in ageing,exercise,,6,0,False,uncertain
Physiological Adaptability to Training and Physical Activity,exercise,,2,0,False,uncertain
Proof of Concept - The Impact of Resistance Training on Female Biological Age: Evidence from a Sex-Specific Epigenetic Clock (UmmuAge),exercise,epigenetic clock; biological age,0,0,False,uncertain
Cross-senolytic effects of dasatinib and quercetin in humans,senolytics,,7,0,False,uncertain
Nicotinamide Mononucleotide (NMN) as a Solution of Decrease Nicotinamide Adenine Dinucleotide (NAD+) in Aging,nad_sirtuin,,4,0,False,uncertain
Peer Review Report For: Dietary restriction with and without caloric restriction for healthy aging [version 1; peer review: 3 approved],caloric_restriction,,5,0,False,uncertain
Peer Review Report For: Dietary restriction with and without caloric restriction for healthy aging [version 1; peer review: 3 approved],caloric_restriction,,5,0,False,uncertain
Peer Review Report For: Dietary restriction with and without caloric restriction for healthy aging [version 1; peer review: 3 approved],caloric_restriction,,5,0,False,uncertain
Overview of parabiosis and heterochronic parabiosis research in the context of aging,controversial,,0,0,False,uncertain
"Sequential versus Co-treatment of MitoQ and NMN to Enhance Autophagy, NAD⁺ Metabolism, and Mitochondrial Function in Cellular Senescence, with Exploratory Uncoupler–NMN Synergy in Vascular Aging",nad_sirtuin,senescence,0,0,False,uncertain
"Where and How in the mTOR Pathway Inhibitors Fight Aging: Rapamycin, Resveratrol, and Metformin",metformin; rapamycin_mtor; supplements,,0,0,False,uncertain
Partial Reprogramming Uncouples Cellular Identity from Cellular Aging in Mesenchymal Stromal Cells,reprogramming,,0,0,False,uncertain
"Impact of probiotic supplementation in lactating sows on immune and oxidative stress biomarkers, short-chain fatty acids, piglet performance, and fecal microbiome",microbiome; supplements,,1,0,False,uncertain
Molecular mechanisms of metformin action: From metabolic effects to lifespan extension and healthspan promotion.,metformin,lifespan; healthspan,6,0,False,include
EFFICACY OF NICOTINAMIDE MONONUCLEOTIDE SUPPLEMENTATION (NMN) IN BLOOD NICOTINAMIDE ADENINE DINUCLEOTIDE (NAD) FOR ANTI-AGING IN ADULTS: A SYSTEMATIC REVIEW,nad_sirtuin; supplements,,4,1,True,uncertain
"Impact of nicotinamide riboside, a precursor of NAD⁺ on cardiac remodeling after myocardial infarction in rat",nad_sirtuin,,4,0,False,uncertain
Anti-aging effects of metformin: impact on signs of aging,metformin,,0,1,True,uncertain
"Peer Review #2 of ""Nicotinamide riboside exerts protective effect against aging-induced NAFLD-like hepatic dysfunction in mice (v0.1)""",nad_sirtuin,,4,0,False,uncertain
Figure 1. Various modes of axonal protection mediated by the manipulation of NAD+ synthesis pathways.,nad_sirtuin,,0,0,False,uncertain
Figure 2—figure supplement 4. Age-related changes in DNA methylation of the ten WLMT clock sites with highest positive weights.,supplements,,7,0,False,uncertain
Figure 2—figure supplement 5. Age-related changes in DNA methylation for the ten WLMT clock sites with lowest negative weights.,supplements,,7,0,False,uncertain
Editor's evaluation: Short senolytic or senostatic interventions rescue progression of radiation-induced frailty and premature ageing in mice,senolytics,frailty,6,0,False,uncertain
Decision letter: Short senolytic or senostatic interventions rescue progression of radiation-induced frailty and premature ageing in mice,senolytics,frailty,6,0,False,uncertain
Physical Activity as an Intervention for Frailty Syndrome: A Narrative Review.,exercise,frailty,6,0,False,uncertain
Fecal Microbiota Transplantation: A Microbiome Modulation Technique for Alzheimer’s Disease,microbiome,,1,0,False,uncertain
The Mechanistic Target of Rapamycin (mTOR) Pathway as a Target of Anti-aging Therapies: The Role of Rapamycin and Its Analogs in the Regulation of Cellular Processes and Their Impact on Longevity.,rapamycin_mtor,,0,1,True,uncertain
Dasatinib and Quercetin: Short-term Simultaneous Administration Yields Senolytic Effect in Humans,senolytics,,7,0,False,uncertain
Small molecule activators of sirtuins extend Saccharomyces cerevisiae lifespan.,nad_sirtuin,lifespan,6,0,False,uncertain
Rapamycin fed late in life extends lifespan in genetically heterogeneous mice.,rapamycin_mtor,lifespan,0,0,False,uncertain
"Nicotinamide mononucleotide, a key NAD(+) intermediate, treats the pathophysiology of diet- and age-induced diabetes in mice.",nad_sirtuin,,4,0,False,uncertain
Aging and exercise.,exercise,,2,0,False,uncertain
Telomerase gene therapy in adult and old mice delays aging and increases longevity without increasing cancer.,controversial,,0,0,False,uncertain
Metformin retards aging in C. elegans by altering microbial folate and methionine metabolism.,metformin,,0,0,False,uncertain
Fasting or caloric restriction for healthy aging.,caloric_restriction; fasting,,5,0,False,uncertain
The NAD(+)/Sirtuin Pathway Modulates Longevity through Activation of Mitochondrial UPR and FOXO Signaling.,nad_sirtuin,,0,0,False,uncertain
Metformin improves healthspan and lifespan in mice.,metformin,lifespan; healthspan,6,0,False,include
Declining NAD(+) induces a pseudohypoxic state disrupting nuclear-mitochondrial communication during aging.,nad_sirtuin,,0,0,False,uncertain
NAD+ and sirtuins in aging and disease.,nad_sirtuin,,0,0,False,uncertain
"Longevity, aging and rapamycin.",rapamycin_mtor,,0,0,False,uncertain
The Achilles' heel of senescent cells: from transcriptome to senolytic drugs.,senolytics,,7,0,False,uncertain
"A Periodic Diet that Mimics Fasting Promotes Multi-System Regeneration, Enhanced Cognitive Performance, and Healthspan.",fasting,healthspan,6,0,False,include
NAD(+) Metabolism and the Control of Energy Homeostasis: A Balancing Act between Mitochondria and the Nucleus.,nad_sirtuin,,0,0,False,uncertain
Exercise and the cardiovascular system: clinical science and cardiovascular outcomes.,exercise,,2,0,False,uncertain
MTOR regulates the pro-tumorigenic senescence-associated secretory phenotype by promoting IL1A translation.,rapamycin_mtor,senescence,0,0,False,uncertain
Clearance of senescent cells by ABT263 rejuvenates aged hematopoietic stem cells in mice.,stem_cell,,3,0,False,uncertain
"NAD⁺ in aging, metabolism, and neurodegeneration.",nad_sirtuin,,0,0,False,uncertain
Metformin as a Tool to Target Aging.,metformin,,0,0,False,uncertain
CD38 Dictates Age-Related NAD Decline and Mitochondrial Dysfunction through an SIRT3-Dependent Mechanism.,nad_sirtuin,,7,0,False,uncertain
Probiotics History.,microbiome,,0,0,False,uncertain
The Human Intestinal Microbiome in Health and Disease.,microbiome,,1,0,False,uncertain
Nutrition and Exercise in Sarcopenia.,exercise,,2,0,False,uncertain
"The brain, sirtuins, and ageing.",nad_sirtuin,,6,0,False,uncertain
"Sirtuins, epigenetics and longevity.",nad_sirtuin,,0,0,False,uncertain
Rapamycin in mice.,rapamycin_mtor,,0,0,False,uncertain
Benefits of Exercise in the Older Population.,exercise,,2,0,False,uncertain
NAD(+) Intermediates: The Biology and Therapeutic Potential of NMN and NR.,nad_sirtuin,,0,0,False,uncertain
Therapeutic Potential of NAD-Boosting Molecules: The In Vivo Evidence.,nad_sirtuin,,0,0,False,uncertain
Impairment of an Endothelial NAD(+)-H(2)S Signaling Network Is a Reversible Cause of Vascular Aging.,nad_sirtuin,,0,0,False,uncertain
A Potent and Specific CD38 Inhibitor Ameliorates Age-Related Metabolic Dysfunction by Reversing Tissue NAD(+) Decline.,nad_sirtuin,,7,0,False,uncertain
Senolytics improve physical function and increase lifespan in old age.,senolytics,lifespan,6,0,False,uncertain
The effect of fasting or calorie restriction on autophagy induction: A review of the literature.,caloric_restriction; fasting,,5,0,False,uncertain
De novo NAD(+) synthesis enhances mitochondrial function and improves health.,nad_sirtuin,,0,0,False,uncertain
Haematopoietic stem cell activity and interactions with the niche.,stem_cell,,3,0,False,uncertain
The Additive Effects of Creatine Supplementation and Exercise Training in an Aging Population: A Systematic Review of Randomized Controlled Trials.,exercise; supplements,,2,0,False,uncertain
Is Rapamycin a Dietary Restriction Mimetic?,caloric_restriction; rapamycin_mtor,,5,0,False,uncertain
Senolytic therapy alleviates Aβ-associated oligodendrocyte progenitor cell senescence and cognitive deficits in an Alzheimer's disease model.,senolytics,senescence,7,0,False,uncertain
Effect of a multicomponent exercise programme (VIVIFRAIL) on functional capacity in frail community elders with cognitive decline: study protocol for a randomized multicentre control trial.,exercise,,2,0,False,uncertain
Healthspan and lifespan extension by fecal microbiota transplantation into progeroid mice.,microbiome,lifespan; healthspan,1,0,False,include
Resistance Training for Older Adults: Position Statement From the National Strength and Conditioning Association.,exercise,,2,0,False,uncertain
Oral collagen supplementation for skin aging: A fad or the future?,supplements,,0,0,False,uncertain
Rapamycin protects aging muscle.,rapamycin_mtor,,0,0,False,uncertain
Metformin Restores CNS Remyelination Capacity by Rejuvenating Aged Stem Cells.,metformin; stem_cell,,3,0,False,uncertain
Rapamycin for longevity: opinion article.,rapamycin_mtor,,0,0,False,uncertain
"Dietary Protein, Exercise, and Frailty Domains.",exercise,frailty,2,0,False,uncertain
"Topical rapamycin reduces markers of senescence and aging in human skin: an exploratory, prospective, randomized trial.",rapamycin_mtor,senescence,0,0,False,include
NAD+ therapy in age-related degenerative disorders: A benefit/risk analysis.,nad_sirtuin,,7,0,False,uncertain
Hypothalamic NAD(+)-Sirtuin Axis: Function and Regulation.,nad_sirtuin,,0,0,False,uncertain
Physical activity and exercise: Strategies to manage frailty.,exercise,frailty,2,0,False,uncertain
NAD(+) Controls Circadian Reprogramming through PER2 Nuclear Translocation to Counter Aging.,sleep_circadian; nad_sirtuin,,0,0,False,uncertain
Senolytic CAR T cells reverse senescence-associated pathologies.,senolytics,senescence,7,1,True,uncertain
NAD(+) homeostasis in health and disease.,nad_sirtuin,,0,0,False,uncertain
Rapamycin for aging stem cells.,rapamycin_mtor; stem_cell,,3,0,False,uncertain
Physical exercise in the prevention and treatment of Alzheimer's disease.,exercise,,2,0,False,uncertain
Benefits of exercise training on cerebrovascular and cognitive function in ageing.,exercise,,2,0,False,uncertain
"Preserving Mobility in Older Adults with Physical Frailty and Sarcopenia: Opportunities, Challenges, and Recommendations for Physical Activity Interventions.",exercise,frailty,2,0,False,uncertain
Effect of rapamycin on aging and age-related diseases-past and future.,rapamycin_mtor,,0,0,False,uncertain
"Role of gut-brain axis, gut microbial composition, and probiotic intervention in Alzheimer's disease.",microbiome,,1,0,False,uncertain
Benefits of Resistance Training in Older Adults.,exercise,,2,0,False,uncertain
Stem cell aging.,stem_cell,,3,0,False,uncertain
Senolytic agent Quercetin ameliorates intervertebral disc degeneration via the Nrf2/NF-κB axis.,senolytics,,7,0,False,uncertain
NAD(+) metabolism and its roles in cellular processes during ageing.,nad_sirtuin,,6,0,False,uncertain
Role of NAD(+) in regulating cellular and metabolic signaling pathways.,nad_sirtuin,,0,0,False,uncertain
Current Evidence and Possible Future Applications of Creatine Supplementation for Older Adults.,supplements,,2,0,False,uncertain
"Parabiosis modeling: protocol, application and perspectives.",controversial,,0,0,False,uncertain
[Physical exercise impact on variables related to emotional and functional well-being in older adults].,exercise,,2,0,False,uncertain
Effects of Calorie Restriction on Health Span and Insulin Resistance: Classic Calorie Restriction Diet vs. Ketosis-Inducing Diet.,caloric_restriction,,5,0,False,uncertain
Aged skeletal stem cells generate an inflammatory degenerative niche.,stem_cell,,3,0,False,uncertain
International Exercise Recommendations in Older Adults (ICFSR): Expert Consensus Guidelines.,exercise,,2,0,False,uncertain
"Preclinical and clinical evidence of NAD(+) precursors in health, disease, and ageing.",nad_sirtuin,,6,0,False,uncertain
Molecular mechanisms of dietary restriction promoting health and longevity.,caloric_restriction,,5,0,False,uncertain
DNA methylation-based biomarkers of aging were slowed down in a two-year diet and physical activity intervention trial: the DAMA study.,exercise,,6,0,False,uncertain
"Fasting drives the metabolic, molecular and geroprotective effects of a calorie-restricted diet in mice.",fasting,,0,0,False,uncertain
"Microbiome and Human Aging: Probiotic and Prebiotic Potentials in Longevity, Skin Health and Cellular Senescence.",microbiome,senescence,1,0,False,uncertain
"Multifactorial Mechanism of Sarcopenia and Sarcopenic Obesity. Role of Physical Exercise, Microbiota and Myokines.",exercise,,2,0,False,uncertain
Targeting cellular senescence with senotherapeutics: senolytics and senomorphics.,senolytics,senescence,0,0,False,uncertain
"A Review on Aging, Sarcopenia, Falls, and Resistance Training in Community-Dwelling Older Adults.",exercise,,2,0,False,uncertain
Stem cells to reverse aging.,stem_cell,,3,1,True,uncertain
Molecular hallmarks of heterochronic parabiosis at single-cell resolution.,controversial,,0,0,False,uncertain
Restoring nuclear entry of Sirtuin 2 in oligodendrocyte progenitor cells promotes remyelination during ageing.,nad_sirtuin,,6,0,False,uncertain
[Physical Activity and Mental Health in the Elderly].,exercise,,6,0,False,uncertain
"Intermittent and periodic fasting, longevity and disease.",fasting,,0,0,False,uncertain
Dietary restriction and lifespan: adaptive reallocation or somatic sacrifice?,caloric_restriction,lifespan,5,0,False,uncertain
"Fecal microbiota transfer between young and aged mice reverses hallmarks of the aging gut, eye, and brain.",microbiome,,1,1,True,uncertain
Heterochronic parabiosis induces stem cell revitalization and systemic rejuvenation across aged tissues.,stem_cell; controversial,rejuvenation,3,1,True,include
Ageing and rejuvenation of tissue stem cells and their niches.,stem_cell,rejuvenation,3,1,True,uncertain
Cellular senescence and senolytics: the path to the clinic.,senolytics,senescence,0,0,False,uncertain
"The epigenetic aging, obesity, and lifestyle.",lifestyle_bundle,,0,0,False,uncertain
"The efficacy and safety of β-nicotinamide mononucleotide (NMN) supplementation in healthy middle-aged adults: a randomized, multicenter, double-blind, placebo-controlled, parallel-group, dose-dependent clinical trial.",nad_sirtuin; supplements,,4,0,False,uncertain
Dietary restriction in senolysis and prevention and treatment of disease.,caloric_restriction,,5,0,False,uncertain
Nicotinamide Mononucleotide Supplementation Improves Mitochondrial Dysfunction and Rescues Cellular Senescence by NAD(+)/Sirt3 Pathway in Mesenchymal Stem Cells.,nad_sirtuin; stem_cell; supplements,senescence,4,0,False,include
"Senolytic drugs, dasatinib and quercetin, attenuate adipose tissue inflammation, and ameliorate metabolic function in old age.",senolytics,,7,0,False,uncertain
Social heterochronic parabiosis.,controversial,,0,0,False,uncertain
Increased cellular senescence in doxorubicin-induced murine ovarian injury: effect of senolytics.,senolytics,senescence,0,0,False,uncertain
Harnessing matrix stiffness to engineer a bone marrow niche for hematopoietic stem cell rejuvenation.,stem_cell,rejuvenation,3,1,True,uncertain
Cancer prevention with rapamycin.,rapamycin_mtor,,0,0,False,uncertain
Senolytic vaccination improves normal and pathological age-related phenotypes and increases lifespan in progeroid mice.,senolytics,lifespan,7,0,False,uncertain
Effect of long-term caloric restriction on DNA methylation measures of biological aging in healthy adults from the CALERIE trial.,caloric_restriction,,5,0,False,uncertain
Heterochronic parabiosis reprograms the mouse brain transcriptome by shifting aging signatures in multiple cell types.,controversial,,0,0,False,uncertain
Targeting the biology of aging with mTOR inhibitors.,rapamycin_mtor,,0,0,False,uncertain
Evaluation of off-label rapamycin use to promote healthspan in 333 adults.,rapamycin_mtor,healthspan,0,0,False,uncertain
Prolonged fasting times reap greater geroprotective effects when combined with caloric restriction in adult female mice.,caloric_restriction; fasting,,5,0,False,uncertain
Sirtuin family in autoimmune diseases.,nad_sirtuin,,0,0,False,uncertain
The Beneficial and Adverse Effects of Autophagic Response to Caloric Restriction and Fasting.,caloric_restriction; fasting,,5,0,False,uncertain
Editorial: Sarcopenia and frailty: the role of physical activity for better aging.,exercise,frailty,6,0,False,uncertain
"Mechanisms, pathways and strategies for rejuvenation through epigenetic reprogramming.",reprogramming,rejuvenation,0,1,True,uncertain
Nutrition and dietary restrictions in cancer prevention.,caloric_restriction,,6,0,False,uncertain
The influence of the gut microbiome on ovarian aging.,microbiome,,1,0,False,uncertain
Epigenetic reprogramming as a key to reverse ageing and increase longevity.,reprogramming,,6,1,True,uncertain
Targeting ageing with rapamycin and its derivatives in humans: a systematic review.,rapamycin_mtor,,6,0,False,uncertain
Sirtuins in kidney health and disease.,nad_sirtuin,,0,0,False,uncertain
The therapeutic perspective of NAD(+) precursors in age-related diseases.,nad_sirtuin,,7,0,False,uncertain
Fasting-mimicking diet causes hepatic and blood markers changes indicating reduced biological age and disease risk.,fasting,biological age,0,0,False,include
Gene Therapy-Mediated Partial Reprogramming Extends Lifespan and Reverses Age-Related Changes in Aged Mice.,reprogramming,lifespan,0,1,True,uncertain
Effect of gut microbiome modulation on muscle function and cognition: the PROMOTe randomised controlled trial.,microbiome,cognition,1,0,False,include
Intermittent fasting and longevity: From animal models to implication for humans.,fasting,,0,0,False,uncertain
Targeting Cell Senescence and Senolytics: Novel Interventions for Age-Related Endocrine Dysfunction.,senolytics,senescence,7,0,False,uncertain
A specific enterotype derived from gut microbiome of older individuals enables favorable responses to immune checkpoint blockade therapy.,microbiome,,1,0,False,uncertain
Depleting myeloid-biased haematopoietic stem cells rejuvenates aged immunity.,stem_cell,,3,0,False,uncertain
Small extracellular vesicles from young plasma reverse age-related functional declines by improving mitochondrial energy metabolism.,controversial,,0,2,True,uncertain
Senolytic and senomorphic agent procyanidin C1 alleviates structural and functional decline in the aged retina.,senolytics,,7,0,False,uncertain
Health Benefits of Intermittent Fasting.,fasting,,0,0,False,uncertain
The Gut and Skin Microbiome and Its Association with Aging Clocks.,microbiome,,1,0,False,uncertain
Assessing the Clinical Effectiveness of an Exergame-Based Exercise Training Program Using Ring Fit Adventure to Prevent and Postpone Frailty and Sarcopenia Among Older Adults in Rural Long-Term Care Facilities: Randomized Controlled Trial.,exercise,frailty,2,0,False,include
Mitigating disuse-induced skeletal muscle atrophy in ageing: Resistance exercise as a critical countermeasure.,exercise,,2,0,False,uncertain
Spermidine is essential for fasting-mediated autophagy and longevity.,fasting,,0,0,False,uncertain
Physical Activity and Epigenetic Aging in Breast Cancer Treatment.,exercise,,6,0,False,uncertain
A surge in endogenous spermidine is essential for rapamycin-induced autophagy and longevity.,rapamycin_mtor,,0,0,False,uncertain
The role of the haematopoietic stem cell niche in development and ageing.,stem_cell,,3,0,False,uncertain
Targeted partial reprogramming of age-associated cell states improves markers of health in mouse models of aging.,reprogramming,,0,0,False,uncertain
Fisetin as a senotherapeutic agent: Evidence and perspectives for age-related diseases.,senolytics,,7,0,False,uncertain
Dietary restriction impacts health and lifespan of genetically diverse mice.,caloric_restriction,lifespan,5,0,False,uncertain
Diet and exercise in frailty and sarcopenia. Molecular aspects.,exercise,frailty,2,0,False,uncertain
"Gut microbiome and bone health: update on mechanisms, clinical correlations, and possible treatment strategies.",microbiome,,1,0,False,uncertain
Lithocholic acid binds TULP3 to activate sirtuins and AMPK to slow down ageing.,nad_sirtuin,,6,0,False,uncertain
"Obesity and Metabolic Disease Impair the Anabolic Response to Protein Supplementation and Resistance Exercise: A Retrospective Analysis of a Randomized Clinical Trial with Implications for Aging, Sarcopenic Obesity, and Weight Management.",exercise; supplements,,2,0,False,uncertain
Modulating mTOR-dependent astrocyte substate transitions to alleviate neurodegeneration.,rapamycin_mtor,,0,0,False,uncertain
"Dasatinib and Quercetin Limit Gingival Senescence, Inflammation, and Bone Loss.",senolytics,senescence,7,0,False,uncertain
The Intersection of Epigenetics and Senolytics in Mechanisms of Aging and Therapeutic Approaches.,senolytics,,0,0,False,uncertain
"Test of Rapamycin in Aging Dogs (TRIAD): study design and rationale for a prospective, parallel-group, double-masked, randomized, placebo-controlled, multicenter trial of rapamycin in healthy middle-aged dogs from the Dog Aging Project.",rapamycin_mtor,,0,0,False,uncertain
Roles of Sirtuins in Cardiovascular Diseases: Mechanisms and Therapeutics.,nad_sirtuin,,0,0,False,uncertain
Senolytic treatment for low back pain.,senolytics,,7,0,False,uncertain
Influence of rapamycin on safety and healthspan metrics after one year: PEARL trial results.,rapamycin_mtor,healthspan,6,0,False,include
The geroprotectors trametinib and rapamycin combine additively to extend mouse healthspan and lifespan.,rapamycin_mtor,lifespan; healthspan,6,0,False,include
YTHDF1 differentiates the contributing roles of mTORC1 in aging.,rapamycin_mtor,,0,0,False,uncertain
Cardiovascular Aging and Exercise: Implications for Heart Failure Prevention and Management.,exercise,,2,0,False,uncertain
Heterochronic parabiosis uncovers AdipoR1 as a critical player in retinal rejuvenation.,controversial,rejuvenation,0,1,True,uncertain
Creatine monohydrate supplementation for older adults and clinical populations.,supplements,,2,0,False,uncertain
A Critical Assessment of Fasting to Promote Metabolic Health and Longevity.,fasting,,0,0,False,uncertain
Prevalent mesenchymal drift in aging and disease is reversed by partial reprogramming.,reprogramming,,0,1,True,uncertain
mTOR dysregulation induces IL-6 and paracrine AT2 cell senescence impeding lung repair in lymphangioleiomyomatosis.,rapamycin_mtor,senescence,0,0,False,uncertain
Aging and the microbiome: implications for health and disease.,microbiome,,1,0,False,uncertain
Dietary restriction in aging and longevity.,caloric_restriction,,5,0,False,uncertain
Head‐to‐head comparison of two senolytic therapies in a mouse model of tauopathy,senolytics,,7,0,False,uncertain
Lifestyle factors affecting aging and healthspan in dogs and cats,lifestyle_bundle,healthspan,6,0,False,uncertain
Mechanistic Links Between the Gut Microbiome and Longevity Therapeutics,microbiome,,1,0,False,uncertain
"Metformin and epigenetic age in non-diabetic older people with HIV in Madrid (METFORAGING): a double-blind, randomised, placebo-controlled, pilot trial",metformin,,0,0,False,uncertain
Metformin for Longevity and Sarcopenia: A Therapeutic Paradox in Aging,metformin,,0,0,False,uncertain
Physical activity attenuates the association between allostatic load and early Alzheimer's disease‐related biomarkers in older adults,exercise,,2,0,False,uncertain
"Targeting muscle–vasculature crosstalk in aging through the integrative roles of L-citrulline, leucine, and exercise: focus on muscle metabolism, vascular function, and sarcopenia prevention",exercise,,2,0,False,uncertain
The Role of Cellular Senescence and SASP in the Pathogenesis of Atherosclerosis and the Therapeutic Potential of Senolytic Strategies in Cardiovascular Diseases,senolytics,senescence,7,0,False,uncertain
